/*
Navicat MySQL Data Transfer

Source Server         : localhost
Source Server Version : 50621
Source Host           : localhost:3306
Source Database       : homework

Target Server Type    : MYSQL
Target Server Version : 50621
File Encoding         : 65001

Date: 2015-10-19 17:10:04
*/

SET FOREIGN_KEY_CHECKS=0;

-- ----------------------------
-- Table structure for homework_access
-- ----------------------------
DROP TABLE IF EXISTS `homework_access`;
CREATE TABLE `homework_access` (
  `access_id` varchar(40) COLLATE utf8_unicode_ci NOT NULL,
  `access_num` bigint(20) DEFAULT NULL,
  `access_date` date DEFAULT NULL,
  `access_address` varchar(255) COLLATE utf8_unicode_ci DEFAULT NULL,
  `access_last_access_date` datetime DEFAULT NULL,
  `access_info` varchar(200) COLLATE utf8_unicode_ci DEFAULT NULL,
  PRIMARY KEY (`access_id`)
) ENGINE=InnoDB DEFAULT CHARSET=utf8 COLLATE=utf8_unicode_ci;

-- ----------------------------
-- Records of homework_access
-- ----------------------------

-- ----------------------------
-- Table structure for homework_aticle
-- ----------------------------
DROP TABLE IF EXISTS `homework_aticle`;
CREATE TABLE `homework_aticle` (
  `aticle_id` varchar(50) CHARACTER SET utf8 COLLATE utf8_unicode_ci NOT NULL,
  `aticle_category` varchar(255) DEFAULT NULL,
  `aticle_content` longtext CHARACTER SET utf8 COLLATE utf8_unicode_ci,
  `aticle_coverImg` varchar(255) DEFAULT NULL,
  `aticle_createtime` varchar(255) DEFAULT NULL,
  `aticle_author` varchar(255) DEFAULT NULL,
  `aticle_digest` text,
  `aticle_name` varchar(255) DEFAULT NULL,
  `aticle_read_num` int(11) DEFAULT NULL,
  `key_words` varchar(255) DEFAULT NULL,
  PRIMARY KEY (`aticle_id`)
) ENGINE=InnoDB DEFAULT CHARSET=utf8;

-- ----------------------------
-- Records of homework_aticle
-- ----------------------------
INSERT INTO `homework_aticle` VALUES ('0eed4cd8-eb67-4b66-9c5f-fac376375ce8', '0,0', '<p>brtbshrthb</p>', null, '2015-08-25 16:10:07', 'colin', 'vgrtgasrt', 'fewf', '0', 'we,er,ty,u');
INSERT INTO `homework_aticle` VALUES ('164551ec-5a9d-4bc0-aea5-ce1c9fc12829', '0,0', '<p>ht66ty54</p>', null, '2015-08-25 15:39:40', 'colin', '您后台人员和', '德威管饭他', '0', 'vfrgre');
INSERT INTO `homework_aticle` VALUES ('2cdb380b-a945-4c5f-bad1-ced0c359d7d8', '0,0', '<p><span style=\"color: rgb(51, 51, 51); font-family: 宋体; font-size: 14px; line-height: 27px; white-space: normal; widows: auto;\">某天被某个熟悉画面触动的酸涩是如何而来的。我轻轻掂着心扉，问了问自己，我开看了吗?心莫名的跳动了一下，纠结着无法回答。也许，我学会了诉说，学会了淡然，还是学不会绝情。</span><br style=\"border: 0px; margin: 0px; padding: 0px; color: rgb(51, 51, 51); font-family: 宋体; font-size: 14px; line-height: 27px; white-space: normal; widows: auto;\"/><span style=\"color: rgb(51, 51, 51); font-family: 宋体; font-size: 14px; line-height: 27px; white-space: normal; widows: auto;\">　　</span><br style=\"border: 0px; margin: 0px; padding: 0px; color: rgb(51, 51, 51); font-family: 宋体; font-size: 14px; line-height: 27px; white-space: normal; widows: auto;\"/><span style=\"color: rgb(51, 51, 51); font-family: 宋体; font-size: 14px; line-height: 27px; white-space: normal; widows: auto;\">　　可不可以不要见我坚强就把我往死里伤。</span><br style=\"border: 0px; margin: 0px; padding: 0px; color: rgb(51, 51, 51); font-family: 宋体; font-size: 14px; line-height: 27px; white-space: normal; widows: auto;\"/><span style=\"color: rgb(51, 51, 51); font-family: 宋体; font-size: 14px; line-height: 27px; white-space: normal; widows: auto;\">　　</span><br style=\"border: 0px; margin: 0px; padding: 0px; color: rgb(51, 51, 51); font-family: 宋体; font-size: 14px; line-height: 27px; white-space: normal; widows: auto;\"/><span style=\"color: rgb(51, 51, 51); font-family: 宋体; font-size: 14px; line-height: 27px; white-space: normal; widows: auto;\">　　你用隐身来逃避我，而我用隐身来成全你。</span><br style=\"border: 0px; margin: 0px; padding: 0px; color: rgb(51, 51, 51); font-family: 宋体; font-size: 14px; line-height: 27px; white-space: normal; widows: auto;\"/><span style=\"color: rgb(51, 51, 51); font-family: 宋体; font-size: 14px; line-height: 27px; white-space: normal; widows: auto;\">　　</span><br style=\"border: 0px; margin: 0px; padding: 0px; color: rgb(51, 51, 51); font-family: 宋体; font-size: 14px; line-height: 27px; white-space: normal; widows: auto;\"/><span style=\"color: rgb(51, 51, 51); font-family: 宋体; font-size: 14px; line-height: 27px; white-space: normal; widows: auto;\">　　应该趁年轻和喜欢的人在一起制造些比夏天还要温暖的事情</span><br style=\"border: 0px; margin: 0px; padding: 0px; color: rgb(51, 51, 51); font-family: 宋体; font-size: 14px; line-height: 27px; white-space: normal; widows: auto;\"/><span style=\"color: rgb(51, 51, 51); font-family: 宋体; font-size: 14px; line-height: 27px; white-space: normal; widows: auto;\">　　</span><br style=\"border: 0px; margin: 0px; padding: 0px; color: rgb(51, 51, 51); font-family: 宋体; font-size: 14px; line-height: 27px; white-space: normal; widows: auto;\"/><span style=\"color: rgb(51, 51, 51); font-family: 宋体; font-size: 14px; line-height: 27px; white-space: normal; widows: auto;\">　　我喜欢你主动找我这样我就确定你不会嫌我烦。</span><br style=\"border: 0px; margin: 0px; padding: 0px; color: rgb(51, 51, 51); font-family: 宋体; font-size: 14px; line-height: 27px; white-space: normal; widows: auto;\"/><span style=\"color: rgb(51, 51, 51); font-family: 宋体; font-size: 14px; line-height: 27px; white-space: normal; widows: auto;\">　　</span><br style=\"border: 0px; margin: 0px; padding: 0px; color: rgb(51, 51, 51); font-family: 宋体; font-size: 14px; line-height: 27px; white-space: normal; widows: auto;\"/><span style=\"color: rgb(51, 51, 51); font-family: 宋体; font-size: 14px; line-height: 27px; white-space: normal; widows: auto;\">　　维系一段感情的，不是坦白，而是考虑到对方的感受，有所保留。</span><br style=\"border: 0px; margin: 0px; padding: 0px; color: rgb(51, 51, 51); font-family: 宋体; font-size: 14px; line-height: 27px; white-space: normal; widows: auto;\"/><span style=\"color: rgb(51, 51, 51); font-family: 宋体; font-size: 14px; line-height: 27px; white-space: normal; widows: auto;\">　　</span><br style=\"border: 0px; margin: 0px; padding: 0px; color: rgb(51, 51, 51); font-family: 宋体; font-size: 14px; line-height: 27px; white-space: normal; widows: auto;\"/><span style=\"color: rgb(51, 51, 51); font-family: 宋体; font-size: 14px; line-height: 27px; white-space: normal; widows: auto;\">　　伤害一个人只要一句话，感动一个人却要一辈子。</span><br style=\"border: 0px; margin: 0px; padding: 0px; color: rgb(51, 51, 51); font-family: 宋体; font-size: 14px; line-height: 27px; white-space: normal; widows: auto;\"/><span style=\"color: rgb(51, 51, 51); font-family: 宋体; font-size: 14px; line-height: 27px; white-space: normal; widows: auto;\">　　</span><br style=\"border: 0px; margin: 0px; padding: 0px; color: rgb(51, 51, 51); font-family: 宋体; font-size: 14px; line-height: 27px; white-space: normal; widows: auto;\"/><span style=\"color: rgb(51, 51, 51); font-family: 宋体; font-size: 14px; line-height: 27px; white-space: normal; widows: auto;\">　　我只希望我们好好的，好好的笑，好好的爱，好好的过，好好的一辈子。</span><br style=\"border: 0px; margin: 0px; padding: 0px; color: rgb(51, 51, 51); font-family: 宋体; font-size: 14px; line-height: 27px; white-space: normal; widows: auto;\"/><span style=\"color: rgb(51, 51, 51); font-family: 宋体; font-size: 14px; line-height: 27px; white-space: normal; widows: auto;\">　　</span><br style=\"border: 0px; margin: 0px; padding: 0px; color: rgb(51, 51, 51); font-family: 宋体; font-size: 14px; line-height: 27px; white-space: normal; widows: auto;\"/><span style=\"color: rgb(51, 51, 51); font-family: 宋体; font-size: 14px; line-height: 27px; white-space: normal; widows: auto;\">　　有些事，不是不在意，而是在意了又能怎样。人生没有如果，只有后果和结果。成熟，就是用微笑来面对一切小事。</span><br style=\"border: 0px; margin: 0px; padding: 0px; color: rgb(51, 51, 51); font-family: 宋体; font-size: 14px; line-height: 27px; white-space: normal; widows: auto;\"/><span style=\"color: rgb(51, 51, 51); font-family: 宋体; font-size: 14px; line-height: 27px; white-space: normal; widows: auto;\">　　</span><br style=\"border: 0px; margin: 0px; padding: 0px; color: rgb(51, 51, 51); font-family: 宋体; font-size: 14px; line-height: 27px; white-space: normal; widows: auto;\"/><span style=\"color: rgb(51, 51, 51); font-family: 宋体; font-size: 14px; line-height: 27px; white-space: normal; widows: auto;\">　　我习惯了不该习惯的习惯,却执着着不该执着的执着。</span><br style=\"border: 0px; margin: 0px; padding: 0px; color: rgb(51, 51, 51); font-family: 宋体; font-size: 14px; line-height: 27px; white-space: normal; widows: auto;\"/><span style=\"color: rgb(51, 51, 51); font-family: 宋体; font-size: 14px; line-height: 27px; white-space: normal; widows: auto;\">　　</span><br style=\"border: 0px; margin: 0px; padding: 0px; color: rgb(51, 51, 51); font-family: 宋体; font-size: 14px; line-height: 27px; white-space: normal; widows: auto;\"/><span style=\"color: rgb(51, 51, 51); font-family: 宋体; font-size: 14px; line-height: 27px; white-space: normal; widows: auto;\">　　幸福如人饮水，冷暖自知。你不是我，怎知我走过的路，心中的乐与苦。</span><br style=\"border: 0px; margin: 0px; padding: 0px; color: rgb(51, 51, 51); font-family: 宋体; font-size: 14px; line-height: 27px; white-space: normal; widows: auto;\"/><span style=\"color: rgb(51, 51, 51); font-family: 宋体; font-size: 14px; line-height: 27px; white-space: normal; widows: auto;\">　　</span><br style=\"border: 0px; margin: 0px; padding: 0px; color: rgb(51, 51, 51); font-family: 宋体; font-size: 14px; line-height: 27px; white-space: normal; widows: auto;\"/><span style=\"color: rgb(51, 51, 51); font-family: 宋体; font-size: 14px; line-height: 27px; white-space: normal; widows: auto;\">　　我们总是在错误的时间，错误的地点，懵懵然就爱上那个人，然后，不得不用尽一生来遗忘。</span><br style=\"border: 0px; margin: 0px; padding: 0px; color: rgb(51, 51, 51); font-family: 宋体; font-size: 14px; line-height: 27px; white-space: normal; widows: auto;\"/><span style=\"color: rgb(51, 51, 51); font-family: 宋体; font-size: 14px; line-height: 27px; white-space: normal; widows: auto;\">　　</span><br style=\"border: 0px; margin: 0px; padding: 0px; color: rgb(51, 51, 51); font-family: 宋体; font-size: 14px; line-height: 27px; white-space: normal; widows: auto;\"/><span style=\"color: rgb(51, 51, 51); font-family: 宋体; font-size: 14px; line-height: 27px; white-space: normal; widows: auto;\">　　唯有你愿意去相信，才能得到你想相信的。对的人终究会遇上，美好的人终究会遇到，只要让自己足够美好。努力让自己独立坚强，这样才能有底气告诉我爱的人，我爱他。</span><br style=\"border: 0px; margin: 0px; padding: 0px; color: rgb(51, 51, 51); font-family: 宋体; font-size: 14px; line-height: 27px; white-space: normal; widows: auto;\"/><span style=\"color: rgb(51, 51, 51); font-family: 宋体; font-size: 14px; line-height: 27px; white-space: normal; widows: auto;\">　　</span><br style=\"border: 0px; margin: 0px; padding: 0px; color: rgb(51, 51, 51); font-family: 宋体; font-size: 14px; line-height: 27px; white-space: normal; widows: auto;\"/><span style=\"color: rgb(51, 51, 51); font-family: 宋体; font-size: 14px; line-height: 27px; white-space: normal; widows: auto;\">　　感谢你赠我一场空欢喜，我们有过的美好回忆，让泪水染得模糊不清了。偶尔想起，记忆犹新，就像当初，我爱你，没有什么目的，只是爱你。</span><br style=\"border: 0px; margin: 0px; padding: 0px; color: rgb(51, 51, 51); font-family: 宋体; font-size: 14px; line-height: 27px; white-space: normal; widows: auto;\"/><span style=\"color: rgb(51, 51, 51); font-family: 宋体; font-size: 14px; line-height: 27px; white-space: normal; widows: auto;\">　　</span><br style=\"border: 0px; margin: 0px; padding: 0px; color: rgb(51, 51, 51); font-family: 宋体; font-size: 14px; line-height: 27px; white-space: normal; widows: auto;\"/><span style=\"color: rgb(51, 51, 51); font-family: 宋体; font-size: 14px; line-height: 27px; white-space: normal; widows: auto;\">　　即使自己不快乐，也绝不去打扰别人的幸福，这是原则。</span><br style=\"border: 0px; margin: 0px; padding: 0px; color: rgb(51, 51, 51); font-family: 宋体; font-size: 14px; line-height: 27px; white-space: normal; widows: auto;\"/><span style=\"color: rgb(51, 51, 51); font-family: 宋体; font-size: 14px; line-height: 27px; white-space: normal; widows: auto;\">　　</span><br style=\"border: 0px; margin: 0px; padding: 0px; color: rgb(51, 51, 51); font-family: 宋体; font-size: 14px; line-height: 27px; white-space: normal; widows: auto;\"/><span style=\"color: rgb(51, 51, 51); font-family: 宋体; font-size: 14px; line-height: 27px; white-space: normal; widows: auto;\">　　很多时候，不是你一直不懈的坚持，就会换来一个人的爱。爱情是勉强不来的。即便你日日相守，也终究敌不过他遇到她时的奋不顾身。</span><br style=\"border: 0px; margin: 0px; padding: 0px; color: rgb(51, 51, 51); font-family: 宋体; font-size: 14px; line-height: 27px; white-space: normal; widows: auto;\"/><span style=\"color: rgb(51, 51, 51); font-family: 宋体; font-size: 14px; line-height: 27px; white-space: normal; widows: auto;\">　　</span><br style=\"border: 0px; margin: 0px; padding: 0px; color: rgb(51, 51, 51); font-family: 宋体; font-size: 14px; line-height: 27px; white-space: normal; widows: auto;\"/><span style=\"color: rgb(51, 51, 51); font-family: 宋体; font-size: 14px; line-height: 27px; white-space: normal; widows: auto;\">　　距离可以增加思念，燃烧激情，可当最初的迷恋渐渐消退，距离成了彼此进一步沟通的最大障碍。两个人的性格差异，需要亲密的相处来了解和适应，由浓转淡的感情，更是需要通过分享心情维护下去。</span><br style=\"border: 0px; margin: 0px; padding: 0px; color: rgb(51, 51, 51); font-family: 宋体; font-size: 14px; line-height: 27px; white-space: normal; widows: auto;\"/><span style=\"color: rgb(51, 51, 51); font-family: 宋体; font-size: 14px; line-height: 27px; white-space: normal; widows: auto;\">　　</span><br style=\"border: 0px; margin: 0px; padding: 0px; color: rgb(51, 51, 51); font-family: 宋体; font-size: 14px; line-height: 27px; white-space: normal; widows: auto;\"/><span style=\"color: rgb(51, 51, 51); font-family: 宋体; font-size: 14px; line-height: 27px; white-space: normal; widows: auto;\">　　每一段爱情，都会从激情走向平淡。开始时电击般的兴奋和痴情，慢慢的变得温和平静，少了冲动，开始觉察心中人的缺点，也会为失去新鲜感而烦躁不安。有时候会问自己：是不是这些都是不爱的征兆?</span><br style=\"border: 0px; margin: 0px; padding: 0px; color: rgb(51, 51, 51); font-family: 宋体; font-size: 14px; line-height: 27px; white-space: normal; widows: auto;\"/><span style=\"color: rgb(51, 51, 51); font-family: 宋体; font-size: 14px; line-height: 27px; white-space: normal; widows: auto;\">　　</span><br style=\"border: 0px; margin: 0px; padding: 0px; color: rgb(51, 51, 51); font-family: 宋体; font-size: 14px; line-height: 27px; white-space: normal; widows: auto;\"/><span style=\"color: rgb(51, 51, 51); font-family: 宋体; font-size: 14px; line-height: 27px; white-space: normal; widows: auto;\">　　她为你掉眼泪了，不要道歉，不要安慰，紧紧地抱住她，告诉她你在，就可以。认识你愈久，愈觉得你是我人生行路中一处清喜的水泽。几次想忘于世，总是在山穷水尽处又悄然相见。</span><br style=\"border: 0px; margin: 0px; padding: 0px; color: rgb(51, 51, 51); font-family: 宋体; font-size: 14px; line-height: 27px; white-space: normal; widows: auto;\"/><span style=\"color: rgb(51, 51, 51); font-family: 宋体; font-size: 14px; line-height: 27px; white-space: normal; widows: auto;\">　　</span><br style=\"border: 0px; margin: 0px; padding: 0px; color: rgb(51, 51, 51); font-family: 宋体; font-size: 14px; line-height: 27px; white-space: normal; widows: auto;\"/><span style=\"color: rgb(51, 51, 51); font-family: 宋体; font-size: 14px; line-height: 27px; white-space: normal; widows: auto;\">　　有些人注定是只会放在你心底，而消失在你的生活里。你从心底知道自己是爱她的，尽管现在已经记不起她的样子。因为这爱如此深重，以至于你一度以为自己会忘不掉。</span><br style=\"border: 0px; margin: 0px; padding: 0px; color: rgb(51, 51, 51); font-family: 宋体; font-size: 14px; line-height: 27px; white-space: normal; widows: auto;\"/><span style=\"color: rgb(51, 51, 51); font-family: 宋体; font-size: 14px; line-height: 27px; white-space: normal; widows: auto;\">　　</span><br style=\"border: 0px; margin: 0px; padding: 0px; color: rgb(51, 51, 51); font-family: 宋体; font-size: 14px; line-height: 27px; white-space: normal; widows: auto;\"/><span style=\"color: rgb(51, 51, 51); font-family: 宋体; font-size: 14px; line-height: 27px; white-space: normal; widows: auto;\">　　谈恋爱，争吵是避免不了。再爱得如胶似漆的一对，也总会因为性格不同，想法各异而争执吵闹。吵过，你才了解对方的真实想法，以后学着彼此理解和包容，不再计较什么。</span><br style=\"border: 0px; margin: 0px; padding: 0px; color: rgb(51, 51, 51); font-family: 宋体; font-size: 14px; line-height: 27px; white-space: normal; widows: auto;\"/><span style=\"color: rgb(51, 51, 51); font-family: 宋体; font-size: 14px; line-height: 27px; white-space: normal; widows: auto;\">　　</span><br style=\"border: 0px; margin: 0px; padding: 0px; color: rgb(51, 51, 51); font-family: 宋体; font-size: 14px; line-height: 27px; white-space: normal; widows: auto;\"/><span style=\"color: rgb(51, 51, 51); font-family: 宋体; font-size: 14px; line-height: 27px; white-space: normal; widows: auto;\">　　我和你，一步之遥;我既无法上前一步，陪伴你左右;也无法退后一步，重新找回朋友的支点，只能静静地看着你，默默地祝福你。</span><br style=\"border: 0px; margin: 0px; padding: 0px; color: rgb(51, 51, 51); font-family: 宋体; font-size: 14px; line-height: 27px; white-space: normal; widows: auto;\"/><span style=\"color: rgb(51, 51, 51); font-family: 宋体; font-size: 14px; line-height: 27px; white-space: normal; widows: auto;\">　　</span><br style=\"border: 0px; margin: 0px; padding: 0px; color: rgb(51, 51, 51); font-family: 宋体; font-size: 14px; line-height: 27px; white-space: normal; widows: auto;\"/><span style=\"color: rgb(51, 51, 51); font-family: 宋体; font-size: 14px; line-height: 27px; white-space: normal; widows: auto;\">　　你就是最甜蜜的爱人，我希望听到的，不是你怎样地爱我，而是你一直在我身边的承诺，让我感到最幸福的事，正是你一直在。我认定你是我最甜蜜的爱人，我知道你永远也不会离开。</span></p>', null, '2015-08-25 16:02:42', 'colin', '幸福如人饮水，冷暖自知。你不是我，怎知我走过的路，心中的乐与苦。', '经典语句：爱我，你做到了吗？请你一定要做到', '0', '标签1,标签3,bviqo,dfe');
INSERT INTO `homework_aticle` VALUES ('36a16bdf-6915-42af-ac7f-b93e473f6b0a', '网络转载', '<p style=\"margin-top: 0px; margin-bottom: 1.5em; color: rgb(51, 51, 51); font-family: &#39;&quot;Microsoft YaHei&quot;&#39;, 微软雅黑, arial, sans-serif; font-size: 15px; line-height: 27px; white-space: normal; widows: auto;\">我在之前的简书文章里提到过，国内的UED圈子现状非常浮躁，门槛不高，混日子的忽悠也多，但与此相对的，UED人又很追求自己的“价值”被他人欣赏、看重，而不是被当成只会画画icon的死美工，不想在PM和研发面前处于弱话语权地位。而在产品层面，现在的APP网站个个号称重视用户体验、重视各种设计细节，但不少看起来非常“设计导向”、配色布局精美、遵循平台规范、偶尔有几个惊艳的微交互创意的精美产品最终却不冷不热甚至不得善终（国外的Twitter#Music，Facebook的一系列App，Path等；国内的Jing.fm，轻单等），被一些设计师眼里的“LOW货”花式吊打，最后灰溜溜退出市场，引发大家对设计驱动价值的怀疑。</p><p style=\"margin-top: 0px; margin-bottom: 1.5em; color: rgb(51, 51, 51); font-family: &#39;&quot;Microsoft YaHei&quot;&#39;, 微软雅黑, arial, sans-serif; font-size: 15px; line-height: 27px; white-space: normal; widows: auto;\">这种现实一度让我非常迷惘，觉得设计对解决现实问题是无力的，想不清楚设计与设计师的核心价值在哪里，不可替代性在哪里，在今年2、3月的时候甚至一度打算放弃做一名设计师，开发起了Android App，试图转岗研发等看起来更“核心”的岗位。但这几个月来，我一直思考的关于设计与设计师的“价值”问题却似乎开始慢慢找到了一些答案，这要感谢我的东家阿里在这短短几十天内带给我的大量启迪，让我找回了在设计道路上坚持下去的热情。写下此文，总结一下这段时间内我对这个问题的思考吧。</p><h2 style=\"margin: 10px 0px; font-family: &#39;&quot;Microsoft YaHei&quot;&#39;, 微软雅黑, arial, sans-serif; line-height: 40px; color: rgb(51, 51, 51); text-rendering: optimizeLegibility; font-size: 17.5px; white-space: normal; widows: auto;\">目标篇</h2><h3 style=\"margin: 10px 0px; font-family: &#39;&quot;Microsoft YaHei&quot;&#39;, 微软雅黑, arial, sans-serif; line-height: 40px; color: rgb(51, 51, 51); text-rendering: optimizeLegibility; font-size: 24.5px; white-space: normal; widows: auto;\">一.你究竟为谁而设计</h3><p style=\"margin-top: 0px; margin-bottom: 1.5em; color: rgb(51, 51, 51); font-family: &#39;&quot;Microsoft YaHei&quot;&#39;, 微软雅黑, arial, sans-serif; font-size: 15px; line-height: 27px; white-space: normal; widows: auto;\">UED从业者都知道User-centered Design的概念，但真正做到的却并不多，更多的现实情况是这样的：为老板而设计——上面的人一拍脑袋就围绕对方的idea屁颠屁颠去考虑详细方案执行，不去深度考虑这样做的本质原因与合理性，缺乏独立思考能力与向上说服抗争的勇气；为Deadline而设计——追求项目按时上线比什么都重，在时间有限的情况下没做好优先级管理，集中到关键设计点上去，结果什么都做了，什么都没做好；为规范而设计——死守iOS/Android平台规范，死守可用性原则，不去思考规范这样做的本质原因（如设备特性，避免和通用交互操作冲突等），把规范凌驾于设计目标和业务目标之上；为自己而设计——以设计师的专业挑剔目光去要求产品，却不考虑到这样的设计让自己满足了，却可能令用户迷惑，没有带给用户想要的东西，反而增加了他们操作理解的成本……背离了设计目标的本质，变成了为设计而设计，创造出来的价值自然也大打折扣。</p><h3 style=\"margin: 10px 0px; font-family: &#39;&quot;Microsoft YaHei&quot;&#39;, 微软雅黑, arial, sans-serif; line-height: 40px; color: rgb(51, 51, 51); text-rendering: optimizeLegibility; font-size: 24.5px; white-space: normal; widows: auto;\">二.设计师离用户有多远</h3><p style=\"margin-top: 0px; margin-bottom: 1.5em; color: rgb(51, 51, 51); font-family: &#39;&quot;Microsoft YaHei&quot;&#39;, 微软雅黑, arial, sans-serif; font-size: 15px; line-height: 27px; white-space: normal; widows: auto;\">好了，我们知道要User-centered，并在实际工作中要注意不偏离它，但我们是否真的了解用户的感受？如果是C端的产品，或许我们还可以把自己变成一个重度用户，从自己的角度看问题也变成了从用户的角度看问题，但是B端呢？我们设计的产品的目标用户群，可能和我们本身没有任何重合的地方，这就要求用户研究力量的介入，要求对业务本身有深入的学习和理解，甚至设计师自己亲临其境去角色扮演真实的用户，而不是凭自己的想法去YY。而即使是C端的产品，即使我们自身和产品现在的用户群高度重合，是否可以想得更远一些？比如我们想要提升我们产品的UU，在现有用户群的潜力已经不大的情况下，是否可以考虑向更多的用户开放？而我们对这些新的用户又有多少了解呢？都说要重视用户的反馈，但那些积极反馈的用户、大骂产品某个地方体验不好的用户，是否能代表全部用户和未来潜在用户？比如有些用户会因为产品没有遵循Android Design&amp;Material Design而拒绝使用，但我们完全按他们的想法做了之后，是不是会影响到更大一部分用户群的学习与认知，反而造成产品整体可用性的下滑？</p><h3 style=\"margin: 10px 0px; font-family: &#39;&quot;Microsoft YaHei&quot;&#39;, 微软雅黑, arial, sans-serif; line-height: 40px; color: rgb(51, 51, 51); text-rendering: optimizeLegibility; font-size: 24.5px; white-space: normal; widows: auto;\">三.设计的最终目标是什么</h3><p style=\"margin-top: 0px; margin-bottom: 1.5em; color: rgb(51, 51, 51); font-family: &#39;&quot;Microsoft YaHei&quot;&#39;, 微软雅黑, arial, sans-serif; font-size: 15px; line-height: 27px; white-space: normal; widows: auto;\">就像知乎上那句有名的回答一样，“小孩子才看用户体验，成年人只讲利益。”在过去很长一段时间内，我认为设计的目标就是提升产品的用户体验，也对BAT等大厂那些“体验不好”的产品嗤之以鼻。但实际上，提升用户体验只是过程与手段，是完成产品商业目标的一个重要而非全部途径而已。设计最难的地方，不是把用户体验打磨得多么多么极致，而是在多方限制条件下取得平衡，从商业、技术、用户等多方面综合考虑，得出一个“综合最优”而非“设计最优”的解答。在思考设计的时候，也要思考设计背后的产品目标，产品背后的业务目标，对业务能创造什么价值，对公司其他产品能创造什么价值，对公司生态链能创造什么价值，甚至对这个社会、这个国家能创造什么价值等。直击事物的本质，而非沉醉于表面的雕花功夫。</p><h2 style=\"margin: 10px 0px; font-family: &#39;&quot;Microsoft YaHei&quot;&#39;, 微软雅黑, arial, sans-serif; line-height: 40px; color: rgb(51, 51, 51); text-rendering: optimizeLegibility; font-size: 17.5px; white-space: normal; widows: auto;\">过程篇</h2><h3 style=\"margin: 10px 0px; font-family: &#39;&quot;Microsoft YaHei&quot;&#39;, 微软雅黑, arial, sans-serif; line-height: 40px; color: rgb(51, 51, 51); text-rendering: optimizeLegibility; font-size: 24.5px; white-space: normal; widows: auto;\">一.设计工具不是形式主义</h3><p style=\"margin-top: 0px; margin-bottom: 1.5em; color: rgb(51, 51, 51); font-family: &#39;&quot;Microsoft YaHei&quot;&#39;, 微软雅黑, arial, sans-serif; font-size: 15px; line-height: 27px; white-space: normal; widows: auto;\">在学校的时候，我沉迷于研究和模仿各种用户体验与服务设计工具，人物模型、故事板、卡片分类、流程图、站点地图等，不过在前一份侧重视觉而非交互的实习里，并没有太多应用的机会，也迷惘过这些工具的意义是否不大。来淘宝做交互设计师之后，终于可以开始在工作中大量应用这些工具，对照参考内网大量其他设计师的文档，也能模仿得有模有样。</p><p style=\"margin-top: 0px; margin-bottom: 1.5em; color: rgb(51, 51, 51); font-family: &#39;&quot;Microsoft YaHei&quot;&#39;, 微软雅黑, arial, sans-serif; font-size: 15px; line-height: 27px; white-space: normal; widows: auto;\">但很快就被指出了问题，我的分析工具和设计产出发生了脱节，用这些工具得出的结论与设计目标，在实际的交互方案中没有得到太多的展现。但不可否认的是，这些交互设计师的常用工具对梳理整个产品架构逻辑与推导设计目标非常有用，如果根据推导出来的架构和目标去做设计，全程思路比草草画了点Wireframe就急匆匆上Hi-Fi要清楚得多，也减少了后期因考虑不周而全面推倒返工的情况。不过如果你只是形式主义地去模仿它的使用，那对最后的设计产出就没什么实际意义，它就沦为缺少价值的鸡肋了。</p><h3 style=\"margin: 10px 0px; font-family: &#39;&quot;Microsoft YaHei&quot;&#39;, 微软雅黑, arial, sans-serif; line-height: 40px; color: rgb(51, 51, 51); text-rendering: optimizeLegibility; font-size: 24.5px; white-space: normal; widows: auto;\">二.展现思考过程而非最终结果</h3><p style=\"margin-top: 0px; margin-bottom: 1.5em; color: rgb(51, 51, 51); font-family: &#39;&quot;Microsoft YaHei&quot;&#39;, 微软雅黑, arial, sans-serif; font-size: 15px; line-height: 27px; white-space: normal; widows: auto;\">阿里的设计师（主要指交互设计师）让我非常钦佩的一点是，他们会在设计文档里完整展现自己的设计思考过程，从背景、项目目标、用户目标、用户分析、设计目标到信息架构、页面框架、多种方案的页面线框图到高保真原型等，通过文档可以清楚地了解他们是怎么一步步得到现在的设计结果的，知道这样的设计是有理有据的，考虑了很多不同的方面，而如果简单粗暴地扔一大张带流程的线框图或高保真原型图草草了事，就难以看到这么设计背后的价值在哪里，相比其他设计方案的优势在哪里，实际说服力也不强。</p><h3 style=\"margin: 10px 0px; font-family: &#39;&quot;Microsoft YaHei&quot;&#39;, 微软雅黑, arial, sans-serif; line-height: 40px; color: rgb(51, 51, 51); text-rendering: optimizeLegibility; font-size: 24.5px; white-space: normal; widows: auto;\">三.数据的力量</h3><p style=\"margin-top: 0px; margin-bottom: 1.5em; color: rgb(51, 51, 51); font-family: &#39;&quot;Microsoft YaHei&quot;&#39;, 微软雅黑, arial, sans-serif; font-size: 15px; line-height: 27px; white-space: normal; widows: auto;\">曾经在知乎上看到一个设计师说，最有成就感的事情就是看到自己的设计上线后，产品的XX率蹭蹭蹭涨了多少。设计是一个比较难量化的东西，但数据可以在一定程度上体现和证明设计的价值。个人虽然来阿里的时间不长，但感觉这里非常重视数据，很多设计一开始就有清晰的数据导向。不过我对数据的学习才刚刚开始，可以谈的地方也不多，此文先略过。</p><h2 style=\"margin: 10px 0px; font-family: &#39;&quot;Microsoft YaHei&quot;&#39;, 微软雅黑, arial, sans-serif; line-height: 40px; color: rgb(51, 51, 51); text-rendering: optimizeLegibility; font-size: 17.5px; white-space: normal; widows: auto;\">合作篇</h2><h3 style=\"margin: 10px 0px; font-family: &#39;&quot;Microsoft YaHei&quot;&#39;, 微软雅黑, arial, sans-serif; line-height: 40px; color: rgb(51, 51, 51); text-rendering: optimizeLegibility; font-size: 24.5px; white-space: normal; widows: auto;\">一.别人真的做了我们的活吗</h3><p style=\"margin-top: 0px; margin-bottom: 1.5em; color: rgb(51, 51, 51); font-family: &#39;&quot;Microsoft YaHei&quot;&#39;, 微软雅黑, arial, sans-serif; font-size: 15px; line-height: 27px; white-space: normal; widows: auto;\">现在很多交互设计师抱怨PM抢了自己的活，UI设计师抱怨交互抢了自己的活。嗯，看上去一部分PM也会把Wireframe画得有模有样，看上去一部分交互设计师出的原型图除了颜色和高保真已经没什么区别了，但这就真的意味着别人把我们的活给干了吗？</p><p style=\"margin-top: 0px; margin-bottom: 1.5em; color: rgb(51, 51, 51); font-family: &#39;&quot;Microsoft YaHei&quot;&#39;, 微软雅黑, arial, sans-serif; font-size: 15px; line-height: 27px; white-space: normal; widows: auto;\">虽然现状是PM和交互设计师存在较大的职能重叠，但我觉得二者还是有各自的侧重和优势的。PM更多从全局的观念来看待问题，对业务逻辑有更深入清晰的了解，还常常兼任项目管理，PM做出来的Wireframe，通常只是业务功能模块的堆积；交互更多从设计、从细节体验的角度来看待问题，比如接到需求后常常需要进一步沟通清楚每个业务功能模块的优先级，思考怎么用设计来体现这种优先级关系；比如对产品的架构和流程重新梳理调整，思考怎么让用户以更短更快的路径找到自己的目标。对于繁杂一些的项目，PM需要考虑的东西非常非常多，不太可能在界面细节上花太多精力，这就给了交互设计师充分思考和发挥的空间。</p><p style=\"margin-top: 0px; margin-bottom: 1.5em; color: rgb(51, 51, 51); font-family: &#39;&quot;Microsoft YaHei&quot;&#39;, 微软雅黑, arial, sans-serif; font-size: 15px; line-height: 27px; white-space: normal; widows: auto;\">但如果你懒得主动思考，懒得去质疑，PM给什么就照着画什么，只是纯粹从界面上去“美化”，不去思考模块的目标和优先级，不去思考信息架构的合理性，不去思考产品目标和用户目标，那也怨不得PM把自己的活给抢了吧。</p><h3 style=\"margin: 10px 0px; font-family: &#39;&quot;Microsoft YaHei&quot;&#39;, 微软雅黑, arial, sans-serif; line-height: 40px; color: rgb(51, 51, 51); text-rendering: optimizeLegibility; font-size: 24.5px; white-space: normal; widows: auto;\">二.己所不欲，勿施于人，同理心不只是对待用户</h3><p style=\"margin-top: 0px; margin-bottom: 1.5em; color: rgb(51, 51, 51); font-family: &#39;&quot;Microsoft YaHei&quot;&#39;, 微软雅黑, arial, sans-serif; font-size: 15px; line-height: 27px; white-space: normal; widows: auto;\">现在有些设计师非常看重设计的价值，听不得别人把自己叫“美工”，听不得别人说你画个图标美化一下就好了。但有时反过来一想，我们要求别的岗位尊重自己，可自己是否又足够尊重别的岗位呢？我们会不会觉得PM只要动动嘴皮子就好了什么人都能做，我们会不会觉得控件移一个像素在研发那里是分分钟就能改好（实际上可能牵动到整个布局的变化）的事，尊重别人的专业度，其实也是尊重自己。我主张交互设计师在做好本职工作之余，也要懂一点视觉、懂一点前端、懂一点产品，这样才能更好地去和其他职位换位思考，让自己做出更靠谱的设计，赢得团队的信任。</p><h2 style=\"margin: 10px 0px; font-family: &#39;&quot;Microsoft YaHei&quot;&#39;, 微软雅黑, arial, sans-serif; line-height: 40px; color: rgb(51, 51, 51); text-rendering: optimizeLegibility; font-size: 17.5px; white-space: normal; widows: auto;\">态度篇</h2><h3 style=\"margin: 10px 0px; font-family: &#39;&quot;Microsoft YaHei&quot;&#39;, 微软雅黑, arial, sans-serif; line-height: 40px; color: rgb(51, 51, 51); text-rendering: optimizeLegibility; font-size: 24.5px; white-space: normal; widows: auto;\">一.你爱自己的产品吗</h3><p style=\"margin-top: 0px; margin-bottom: 1.5em; color: rgb(51, 51, 51); font-family: &#39;&quot;Microsoft YaHei&quot;&#39;, 微软雅黑, arial, sans-serif; font-size: 15px; line-height: 27px; white-space: normal; widows: auto;\">我最反感的一件事情，就是设计师对自己的产品都没有爱，对自己的产品都不使用。比如用着iPhone设计Android平台的产品，比如用着竞品不用自己的产品（目标是从竞品中得到启发不算），你自己设计的产品自己都不去用，为什么要别人来尊重你的设计、你的产品的价值？</p><h3 style=\"margin: 10px 0px; font-family: &#39;&quot;Microsoft YaHei&quot;&#39;, 微软雅黑, arial, sans-serif; line-height: 40px; color: rgb(51, 51, 51); text-rendering: optimizeLegibility; font-size: 24.5px; white-space: normal; widows: auto;\">二.职业不是跳板</h3><p style=\"margin-top: 0px; margin-bottom: 1.5em; color: rgb(51, 51, 51); font-family: &#39;&quot;Microsoft YaHei&quot;&#39;, 微软雅黑, arial, sans-serif; font-size: 15px; line-height: 27px; white-space: normal; widows: auto;\">现在有些人做设计不是因为爱设计，而是把它当做跳板，比如未来好转去做产品，或者觉得做设计门槛低不用懂技术那就做设计了。可你对自己的职位都不尊重，那别人为什么要来尊重你呢？</p><h3 style=\"margin: 10px 0px; font-family: &#39;&quot;Microsoft YaHei&quot;&#39;, 微软雅黑, arial, sans-serif; line-height: 40px; color: rgb(51, 51, 51); text-rendering: optimizeLegibility; font-size: 24.5px; white-space: normal; widows: auto;\">三.平台无贵贱之分</h3><p style=\"margin-top: 0px; margin-bottom: 1.5em; color: rgb(51, 51, 51); font-family: &#39;&quot;Microsoft YaHei&quot;&#39;, 微软雅黑, arial, sans-serif; font-size: 15px; line-height: 27px; white-space: normal; widows: auto;\">首先检讨一下，在来淘宝之前，我对产品平台一直抱着很偏执的态度，只喜欢C端移动端，看不起B端PC端，做不了自己喜欢的产品就不爽。但现在我觉得，无论怎样的平台、怎样的产品、怎样的目标用户，都有它的价值所在，都可以从中学到很多东西。我过去觉得B端很没意思，但做了以后，发现B端也有它的魅力所在。无论做什么，都认真对待、都一视同仁，自能从中收获良多。如果因为平台和产品自己不喜欢，就不认真对待，那也不能指望别人还要尊重你的劳动吧？</p><h3 style=\"margin: 10px 0px; font-family: &#39;&quot;Microsoft YaHei&quot;&#39;, 微软雅黑, arial, sans-serif; line-height: 40px; color: rgb(51, 51, 51); text-rendering: optimizeLegibility; font-size: 24.5px; white-space: normal; widows: auto;\">四.善于总结</h3><p style=\"margin-top: 0px; margin-bottom: 1.5em; color: rgb(51, 51, 51); font-family: &#39;&quot;Microsoft YaHei&quot;&#39;, 微软雅黑, arial, sans-serif; font-size: 15px; line-height: 27px; white-space: normal; widows: auto;\">这一点同样感谢阿里，来这里后每周都需要写周报，而且字数要求还不低。在写周报的过程中，需要完整反思一下自己过去一周做了什么事情，收获是什么，不足是什么，应该如何提升，并且展示给组内的同事看，让大家明白你做的东西，而不是简单汇报一下项目名称、贴个设计稿链接就可以了事。在周报的影响下，我也慢慢形成了定期总结反思的习惯，以文字记录下来（比如你在看的简书），可以直接感受到自己价值的增长在哪里，潜力在哪里，不足在哪里，未来更针对性地为提升自己的价值而努力。</p><p><br/></p>', '/HomeCenterService/upload/images/20150702154023860101.jpg', '2015-07-02 15:40:42', '鸿影Akiko', '对设计与设计师“价值”的一些思考', '对设计与设计师“价值”的一些思考', '3', '设计，设计师，交互');
INSERT INTO `homework_aticle` VALUES ('3911d1d3-f9e4-47e9-bf7c-48b7f9064629', '0,0', '<p><span style=\"color: rgb(51, 51, 51); font-family: 宋体; font-size: 14px; line-height: 27px; white-space: normal; widows: auto;\">我需要肩膀的时候给我温暖。</span><br style=\"border: 0px; margin: 0px; padding: 0px; color: rgb(51, 51, 51); font-family: 宋体; font-size: 14px; line-height: 27px; white-space: normal; widows: auto;\"/><span style=\"color: rgb(51, 51, 51); font-family: 宋体; font-size: 14px; line-height: 27px; white-space: normal; widows: auto;\">　　</span><br style=\"border: 0px; margin: 0px; padding: 0px; color: rgb(51, 51, 51); font-family: 宋体; font-size: 14px; line-height: 27px; white-space: normal; widows: auto;\"/><span style=\"color: rgb(51, 51, 51); font-family: 宋体; font-size: 14px; line-height: 27px; white-space: normal; widows: auto;\">　　很多时候，我不是真的要坚强，我是被迫在坚强。</span><br style=\"border: 0px; margin: 0px; padding: 0px; color: rgb(51, 51, 51); font-family: 宋体; font-size: 14px; line-height: 27px; white-space: normal; widows: auto;\"/><span style=\"color: rgb(51, 51, 51); font-family: 宋体; font-size: 14px; line-height: 27px; white-space: normal; widows: auto;\">　　</span><br style=\"border: 0px; margin: 0px; padding: 0px; color: rgb(51, 51, 51); font-family: 宋体; font-size: 14px; line-height: 27px; white-space: normal; widows: auto;\"/><span style=\"color: rgb(51, 51, 51); font-family: 宋体; font-size: 14px; line-height: 27px; white-space: normal; widows: auto;\">　　谁不知道，再坚强的人心里总有块伤？不痛不代表没有被伤过。</span><br style=\"border: 0px; margin: 0px; padding: 0px; color: rgb(51, 51, 51); font-family: 宋体; font-size: 14px; line-height: 27px; white-space: normal; widows: auto;\"/><span style=\"color: rgb(51, 51, 51); font-family: 宋体; font-size: 14px; line-height: 27px; white-space: normal; widows: auto;\">　　</span><br style=\"border: 0px; margin: 0px; padding: 0px; color: rgb(51, 51, 51); font-family: 宋体; font-size: 14px; line-height: 27px; white-space: normal; widows: auto;\"/><span style=\"color: rgb(51, 51, 51); font-family: 宋体; font-size: 14px; line-height: 27px; white-space: normal; widows: auto;\">　　如果你懂，请不要只看到他的笑，你要看到他心底的泪。</span><br style=\"border: 0px; margin: 0px; padding: 0px; color: rgb(51, 51, 51); font-family: 宋体; font-size: 14px; line-height: 27px; white-space: normal; widows: auto;\"/><span style=\"color: rgb(51, 51, 51); font-family: 宋体; font-size: 14px; line-height: 27px; white-space: normal; widows: auto;\">　　</span><br style=\"border: 0px; margin: 0px; padding: 0px; color: rgb(51, 51, 51); font-family: 宋体; font-size: 14px; line-height: 27px; white-space: normal; widows: auto;\"/><span style=\"color: rgb(51, 51, 51); font-family: 宋体; font-size: 14px; line-height: 27px; white-space: normal; widows: auto;\">　　透支了眼泪，做回没肝没肺的自己。</span><br style=\"border: 0px; margin: 0px; padding: 0px; color: rgb(51, 51, 51); font-family: 宋体; font-size: 14px; line-height: 27px; white-space: normal; widows: auto;\"/><span style=\"color: rgb(51, 51, 51); font-family: 宋体; font-size: 14px; line-height: 27px; white-space: normal; widows: auto;\">　　</span><br style=\"border: 0px; margin: 0px; padding: 0px; color: rgb(51, 51, 51); font-family: 宋体; font-size: 14px; line-height: 27px; white-space: normal; widows: auto;\"/><span style=\"color: rgb(51, 51, 51); font-family: 宋体; font-size: 14px; line-height: 27px; white-space: normal; widows: auto;\">　　如果有一天，我变得冷漠了，请记得，我曾经要人陪的时候你都说忙。</span><br style=\"border: 0px; margin: 0px; padding: 0px; color: rgb(51, 51, 51); font-family: 宋体; font-size: 14px; line-height: 27px; white-space: normal; widows: auto;\"/><span style=\"color: rgb(51, 51, 51); font-family: 宋体; font-size: 14px; line-height: 27px; white-space: normal; widows: auto;\">　　</span><br style=\"border: 0px; margin: 0px; padding: 0px; color: rgb(51, 51, 51); font-family: 宋体; font-size: 14px; line-height: 27px; white-space: normal; widows: auto;\"/><span style=\"color: rgb(51, 51, 51); font-family: 宋体; font-size: 14px; line-height: 27px; white-space: normal; widows: auto;\">　　如果有一天，我变得目中无人了，请记得，曾经也没人把我放在心里。</span><br style=\"border: 0px; margin: 0px; padding: 0px; color: rgb(51, 51, 51); font-family: 宋体; font-size: 14px; line-height: 27px; white-space: normal; widows: auto;\"/><span style=\"color: rgb(51, 51, 51); font-family: 宋体; font-size: 14px; line-height: 27px; white-space: normal; widows: auto;\">　　</span><br style=\"border: 0px; margin: 0px; padding: 0px; color: rgb(51, 51, 51); font-family: 宋体; font-size: 14px; line-height: 27px; white-space: normal; widows: auto;\"/><span style=\"color: rgb(51, 51, 51); font-family: 宋体; font-size: 14px; line-height: 27px; white-space: normal; widows: auto;\">　　如果有一天，我不再在乎你了，请记得，你曾经也没听过我的心事。</span><br style=\"border: 0px; margin: 0px; padding: 0px; color: rgb(51, 51, 51); font-family: 宋体; font-size: 14px; line-height: 27px; white-space: normal; widows: auto;\"/><span style=\"color: rgb(51, 51, 51); font-family: 宋体; font-size: 14px; line-height: 27px; white-space: normal; widows: auto;\">　　</span><br style=\"border: 0px; margin: 0px; padding: 0px; color: rgb(51, 51, 51); font-family: 宋体; font-size: 14px; line-height: 27px; white-space: normal; widows: auto;\"/><span style=\"color: rgb(51, 51, 51); font-family: 宋体; font-size: 14px; line-height: 27px; white-space: normal; widows: auto;\">　　如果有一天，我不再对你笑了，请记得，你曾经也没问过我快不快乐。</span><br style=\"border: 0px; margin: 0px; padding: 0px; color: rgb(51, 51, 51); font-family: 宋体; font-size: 14px; line-height: 27px; white-space: normal; widows: auto;\"/><span style=\"color: rgb(51, 51, 51); font-family: 宋体; font-size: 14px; line-height: 27px; white-space: normal; widows: auto;\">　　</span><br style=\"border: 0px; margin: 0px; padding: 0px; color: rgb(51, 51, 51); font-family: 宋体; font-size: 14px; line-height: 27px; white-space: normal; widows: auto;\"/><span style=\"color: rgb(51, 51, 51); font-family: 宋体; font-size: 14px; line-height: 27px; white-space: normal; widows: auto;\">　　我想每个人刚刚来到这个世界的时候，都是单纯而善良的。</span></p>', null, '2015-08-25 16:05:28', 'colin', '爱情，要么不开始，要么一辈子', '爱情，要么不开始，要么一辈子', '0', '表掐按,biaoqian2,tag3');
INSERT INTO `homework_aticle` VALUES ('4f0517f7-3d04-4f2e-9b23-83604bfcf182', '0,0', '<p><span style=\"color: rgb(51, 51, 51); font-family: 宋体; font-size: 14px; line-height: 27px; white-space: normal; widows: auto;\">有两枚尚未恋爱的“单身狗”，一个叫小伤感，一个叫小感动。</span><br style=\"border: 0px; margin: 0px; padding: 0px; color: rgb(51, 51, 51); font-family: 宋体; font-size: 14px; line-height: 27px; white-space: normal; widows: auto;\"/><span style=\"color: rgb(51, 51, 51); font-family: 宋体; font-size: 14px; line-height: 27px; white-space: normal; widows: auto;\">　　</span><br style=\"border: 0px; margin: 0px; padding: 0px; color: rgb(51, 51, 51); font-family: 宋体; font-size: 14px; line-height: 27px; white-space: normal; widows: auto;\"/><span style=\"color: rgb(51, 51, 51); font-family: 宋体; font-size: 14px; line-height: 27px; white-space: normal; widows: auto;\">　　小伤感看见恋人坐在长椅上热吻，她会觉得落单，听到闺蜜们说出来的甜蜜，她也羡慕嫉妒。</span><br style=\"border: 0px; margin: 0px; padding: 0px; color: rgb(51, 51, 51); font-family: 宋体; font-size: 14px; line-height: 27px; white-space: normal; widows: auto;\"/><span style=\"color: rgb(51, 51, 51); font-family: 宋体; font-size: 14px; line-height: 27px; white-space: normal; widows: auto;\">　　</span><br style=\"border: 0px; margin: 0px; padding: 0px; color: rgb(51, 51, 51); font-family: 宋体; font-size: 14px; line-height: 27px; white-space: normal; widows: auto;\"/><span style=\"color: rgb(51, 51, 51); font-family: 宋体; font-size: 14px; line-height: 27px; white-space: normal; widows: auto;\">　　看见悲伤的故事，她不自觉地联想到自己：万一遇见这样的臭男人，我该怎么办？</span><br style=\"border: 0px; margin: 0px; padding: 0px; color: rgb(51, 51, 51); font-family: 宋体; font-size: 14px; line-height: 27px; white-space: normal; widows: auto;\"/><span style=\"color: rgb(51, 51, 51); font-family: 宋体; font-size: 14px; line-height: 27px; white-space: normal; widows: auto;\">　　</span><br style=\"border: 0px; margin: 0px; padding: 0px; color: rgb(51, 51, 51); font-family: 宋体; font-size: 14px; line-height: 27px; white-space: normal; widows: auto;\"/><span style=\"color: rgb(51, 51, 51); font-family: 宋体; font-size: 14px; line-height: 27px; white-space: normal; widows: auto;\">　　每逢各种情人有关的节日，遇见电影里的圆满结局，她也倍感落寞：幸福是他们的，我什么也没有。</span><br style=\"border: 0px; margin: 0px; padding: 0px; color: rgb(51, 51, 51); font-family: 宋体; font-size: 14px; line-height: 27px; white-space: normal; widows: auto;\"/><span style=\"color: rgb(51, 51, 51); font-family: 宋体; font-size: 14px; line-height: 27px; white-space: normal; widows: auto;\">　　</span><br style=\"border: 0px; margin: 0px; padding: 0px; color: rgb(51, 51, 51); font-family: 宋体; font-size: 14px; line-height: 27px; white-space: normal; widows: auto;\"/><span style=\"color: rgb(51, 51, 51); font-family: 宋体; font-size: 14px; line-height: 27px; white-space: normal; widows: auto;\">　　然而，小感动常常不是这样。</span><br style=\"border: 0px; margin: 0px; padding: 0px; color: rgb(51, 51, 51); font-family: 宋体; font-size: 14px; line-height: 27px; white-space: normal; widows: auto;\"/><span style=\"color: rgb(51, 51, 51); font-family: 宋体; font-size: 14px; line-height: 27px; white-space: normal; widows: auto;\">　　</span><br style=\"border: 0px; margin: 0px; padding: 0px; color: rgb(51, 51, 51); font-family: 宋体; font-size: 14px; line-height: 27px; white-space: normal; widows: auto;\"/><span style=\"color: rgb(51, 51, 51); font-family: 宋体; font-size: 14px; line-height: 27px; white-space: normal; widows: auto;\">　　看到恋人成双成对，她心里感到幸福，坚信自己到时定能同他们一样。</span><br style=\"border: 0px; margin: 0px; padding: 0px; color: rgb(51, 51, 51); font-family: 宋体; font-size: 14px; line-height: 27px; white-space: normal; widows: auto;\"/><span style=\"color: rgb(51, 51, 51); font-family: 宋体; font-size: 14px; line-height: 27px; white-space: normal; widows: auto;\">　　</span><br style=\"border: 0px; margin: 0px; padding: 0px; color: rgb(51, 51, 51); font-family: 宋体; font-size: 14px; line-height: 27px; white-space: normal; widows: auto;\"/><span style=\"color: rgb(51, 51, 51); font-family: 宋体; font-size: 14px; line-height: 27px; white-space: normal; widows: auto;\">　　当朋友诉说甜美的生活之后，她也分享自己的快乐，因为无爱的生活，同样被她过得有声有色。</span><br style=\"border: 0px; margin: 0px; padding: 0px; color: rgb(51, 51, 51); font-family: 宋体; font-size: 14px; line-height: 27px; white-space: normal; widows: auto;\"/><span style=\"color: rgb(51, 51, 51); font-family: 宋体; font-size: 14px; line-height: 27px; white-space: normal; widows: auto;\">　　</span><br style=\"border: 0px; margin: 0px; padding: 0px; color: rgb(51, 51, 51); font-family: 宋体; font-size: 14px; line-height: 27px; white-space: normal; widows: auto;\"/><span style=\"color: rgb(51, 51, 51); font-family: 宋体; font-size: 14px; line-height: 27px; white-space: normal; widows: auto;\">　　偶然碰到悲伤的故事，她会安慰自己，不是所有爱情都要经历坎坷才得以成全；若是结局完美，她也跟着流泪，但流下的泪水不是寂寞，而是感动。</span><br style=\"border: 0px; margin: 0px; padding: 0px; color: rgb(51, 51, 51); font-family: 宋体; font-size: 14px; line-height: 27px; white-space: normal; widows: auto;\"/><span style=\"color: rgb(51, 51, 51); font-family: 宋体; font-size: 14px; line-height: 27px; white-space: normal; widows: auto;\">　　</span><br style=\"border: 0px; margin: 0px; padding: 0px; color: rgb(51, 51, 51); font-family: 宋体; font-size: 14px; line-height: 27px; white-space: normal; widows: auto;\"/><span style=\"color: rgb(51, 51, 51); font-family: 宋体; font-size: 14px; line-height: 27px; white-space: normal; widows: auto;\">　　就这样，小伤感愈发伤感，与朋友玩耍的时候不痛快，与家人团聚的时候不开心，独自一人的时候，心中的失落感愈发明显。</span><br style=\"border: 0px; margin: 0px; padding: 0px; color: rgb(51, 51, 51); font-family: 宋体; font-size: 14px; line-height: 27px; white-space: normal; widows: auto;\"/><span style=\"color: rgb(51, 51, 51); font-family: 宋体; font-size: 14px; line-height: 27px; white-space: normal; widows: auto;\">　　</span><br style=\"border: 0px; margin: 0px; padding: 0px; color: rgb(51, 51, 51); font-family: 宋体; font-size: 14px; line-height: 27px; white-space: normal; widows: auto;\"/><span style=\"color: rgb(51, 51, 51); font-family: 宋体; font-size: 14px; line-height: 27px; white-space: normal; widows: auto;\">　　然而，小感动一个人的世界同样很幸福，懂得感恩，懂得知足，没有伴侣的日子，一样过得完美自在。</span><br style=\"border: 0px; margin: 0px; padding: 0px; color: rgb(51, 51, 51); font-family: 宋体; font-size: 14px; line-height: 27px; white-space: normal; widows: auto;\"/><span style=\"color: rgb(51, 51, 51); font-family: 宋体; font-size: 14px; line-height: 27px; white-space: normal; widows: auto;\">　　</span><br style=\"border: 0px; margin: 0px; padding: 0px; color: rgb(51, 51, 51); font-family: 宋体; font-size: 14px; line-height: 27px; white-space: normal; widows: auto;\"/><span style=\"color: rgb(51, 51, 51); font-family: 宋体; font-size: 14px; line-height: 27px; white-space: normal; widows: auto;\">　　没错，即便没有爱情，我们一样可以有生活，而且生活得自在洒脱。</span><br style=\"border: 0px; margin: 0px; padding: 0px; color: rgb(51, 51, 51); font-family: 宋体; font-size: 14px; line-height: 27px; white-space: normal; widows: auto;\"/><span style=\"color: rgb(51, 51, 51); font-family: 宋体; font-size: 14px; line-height: 27px; white-space: normal; widows: auto;\">　　</span><br style=\"border: 0px; margin: 0px; padding: 0px; color: rgb(51, 51, 51); font-family: 宋体; font-size: 14px; line-height: 27px; white-space: normal; widows: auto;\"/><span style=\"color: rgb(51, 51, 51); font-family: 宋体; font-size: 14px; line-height: 27px; white-space: normal; widows: auto;\">　　幸福与爱情有关，但绝不是爱情的专属。无爱的生活，一样还有更多的东西，值得我们体验和感悟。</span><br style=\"border: 0px; margin: 0px; padding: 0px; color: rgb(51, 51, 51); font-family: 宋体; font-size: 14px; line-height: 27px; white-space: normal; widows: auto;\"/><span style=\"color: rgb(51, 51, 51); font-family: 宋体; font-size: 14px; line-height: 27px; white-space: normal; widows: auto;\">　　</span><br style=\"border: 0px; margin: 0px; padding: 0px; color: rgb(51, 51, 51); font-family: 宋体; font-size: 14px; line-height: 27px; white-space: normal; widows: auto;\"/><span style=\"color: rgb(51, 51, 51); font-family: 宋体; font-size: 14px; line-height: 27px; white-space: normal; widows: auto;\">　　一个人在家，你可以下一部电影，吃喜欢的零食，找个最舒服姿势慢慢观看。</span><br style=\"border: 0px; margin: 0px; padding: 0px; color: rgb(51, 51, 51); font-family: 宋体; font-size: 14px; line-height: 27px; white-space: normal; widows: auto;\"/><span style=\"color: rgb(51, 51, 51); font-family: 宋体; font-size: 14px; line-height: 27px; white-space: normal; widows: auto;\">　　</span><br style=\"border: 0px; margin: 0px; padding: 0px; color: rgb(51, 51, 51); font-family: 宋体; font-size: 14px; line-height: 27px; white-space: normal; widows: auto;\"/><span style=\"color: rgb(51, 51, 51); font-family: 宋体; font-size: 14px; line-height: 27px; white-space: normal; widows: auto;\">　　周末的时候，你不用早起，去规定的地点见面，为对方喜欢的样子去梳妆打扮。</span><br style=\"border: 0px; margin: 0px; padding: 0px; color: rgb(51, 51, 51); font-family: 宋体; font-size: 14px; line-height: 27px; white-space: normal; widows: auto;\"/><span style=\"color: rgb(51, 51, 51); font-family: 宋体; font-size: 14px; line-height: 27px; white-space: normal; widows: auto;\">　　</span><br style=\"border: 0px; margin: 0px; padding: 0px; color: rgb(51, 51, 51); font-family: 宋体; font-size: 14px; line-height: 27px; white-space: normal; widows: auto;\"/><span style=\"color: rgb(51, 51, 51); font-family: 宋体; font-size: 14px; line-height: 27px; white-space: normal; widows: auto;\">　　睡觉时，你不必在意睡姿，起床后，你也不必在意散乱的头发。</span><br style=\"border: 0px; margin: 0px; padding: 0px; color: rgb(51, 51, 51); font-family: 宋体; font-size: 14px; line-height: 27px; white-space: normal; widows: auto;\"/><span style=\"color: rgb(51, 51, 51); font-family: 宋体; font-size: 14px; line-height: 27px; white-space: normal; widows: auto;\">　　</span><br style=\"border: 0px; margin: 0px; padding: 0px; color: rgb(51, 51, 51); font-family: 宋体; font-size: 14px; line-height: 27px; white-space: normal; widows: auto;\"/><span style=\"color: rgb(51, 51, 51); font-family: 宋体; font-size: 14px; line-height: 27px; white-space: normal; widows: auto;\">　　放心好了，未来的恋人绝不知道你现在有多狼狈难堪。</span><br style=\"border: 0px; margin: 0px; padding: 0px; color: rgb(51, 51, 51); font-family: 宋体; font-size: 14px; line-height: 27px; white-space: normal; widows: auto;\"/><span style=\"color: rgb(51, 51, 51); font-family: 宋体; font-size: 14px; line-height: 27px; white-space: normal; widows: auto;\">　　</span><br style=\"border: 0px; margin: 0px; padding: 0px; color: rgb(51, 51, 51); font-family: 宋体; font-size: 14px; line-height: 27px; white-space: normal; widows: auto;\"/><span style=\"color: rgb(51, 51, 51); font-family: 宋体; font-size: 14px; line-height: 27px; white-space: normal; widows: auto;\">　　去一个新环境学习或工作的时候，不要把自己孤立起来，觉得别人都不懂你。</span><br style=\"border: 0px; margin: 0px; padding: 0px; color: rgb(51, 51, 51); font-family: 宋体; font-size: 14px; line-height: 27px; white-space: normal; widows: auto;\"/><span style=\"color: rgb(51, 51, 51); font-family: 宋体; font-size: 14px; line-height: 27px; white-space: normal; widows: auto;\">　　</span><br style=\"border: 0px; margin: 0px; padding: 0px; color: rgb(51, 51, 51); font-family: 宋体; font-size: 14px; line-height: 27px; white-space: normal; widows: auto;\"/><span style=\"color: rgb(51, 51, 51); font-family: 宋体; font-size: 14px; line-height: 27px; white-space: normal; widows: auto;\">　　想要得到别人的理解，就必须先与别人分享自己的感受。把痛苦分享出去，他们才能够给你安慰、建议和拥抱，不至于让伤感一直积压在心中，始终无法宣泄。</span><br style=\"border: 0px; margin: 0px; padding: 0px; color: rgb(51, 51, 51); font-family: 宋体; font-size: 14px; line-height: 27px; white-space: normal; widows: auto;\"/><span style=\"color: rgb(51, 51, 51); font-family: 宋体; font-size: 14px; line-height: 27px; white-space: normal; widows: auto;\">　　</span><br style=\"border: 0px; margin: 0px; padding: 0px; color: rgb(51, 51, 51); font-family: 宋体; font-size: 14px; line-height: 27px; white-space: normal; widows: auto;\"/><span style=\"color: rgb(51, 51, 51); font-family: 宋体; font-size: 14px; line-height: 27px; white-space: normal; widows: auto;\">　　遭受委屈、挫折，不要一直憋在心里，整日闷闷不乐。</span><br style=\"border: 0px; margin: 0px; padding: 0px; color: rgb(51, 51, 51); font-family: 宋体; font-size: 14px; line-height: 27px; white-space: normal; widows: auto;\"/><span style=\"color: rgb(51, 51, 51); font-family: 宋体; font-size: 14px; line-height: 27px; white-space: normal; widows: auto;\">　　</span><br style=\"border: 0px; margin: 0px; padding: 0px; color: rgb(51, 51, 51); font-family: 宋体; font-size: 14px; line-height: 27px; white-space: normal; widows: auto;\"/><span style=\"color: rgb(51, 51, 51); font-family: 宋体; font-size: 14px; line-height: 27px; white-space: normal; widows: auto;\">　　明知道没人安慰没人陪，何不主动去找一个值得信赖、会安慰人的闺蜜，向她倾诉你的不幸？或者干脆大哭一场，把所有坏情绪统统发泄出来，之后洗个澡，睡个好觉，明天重新来过。</span><br style=\"border: 0px; margin: 0px; padding: 0px; color: rgb(51, 51, 51); font-family: 宋体; font-size: 14px; line-height: 27px; white-space: normal; widows: auto;\"/><span style=\"color: rgb(51, 51, 51); font-family: 宋体; font-size: 14px; line-height: 27px; white-space: normal; widows: auto;\">　　</span><br style=\"border: 0px; margin: 0px; padding: 0px; color: rgb(51, 51, 51); font-family: 宋体; font-size: 14px; line-height: 27px; white-space: normal; widows: auto;\"/><span style=\"color: rgb(51, 51, 51); font-family: 宋体; font-size: 14px; line-height: 27px; white-space: normal; widows: auto;\">　　想明白就好了，其实恋爱中的人，未必有你看到的那样甜蜜。</span><br style=\"border: 0px; margin: 0px; padding: 0px; color: rgb(51, 51, 51); font-family: 宋体; font-size: 14px; line-height: 27px; white-space: normal; widows: auto;\"/><span style=\"color: rgb(51, 51, 51); font-family: 宋体; font-size: 14px; line-height: 27px; white-space: normal; widows: auto;\">　　</span><br style=\"border: 0px; margin: 0px; padding: 0px; color: rgb(51, 51, 51); font-family: 宋体; font-size: 14px; line-height: 27px; white-space: normal; widows: auto;\"/><span style=\"color: rgb(51, 51, 51); font-family: 宋体; font-size: 14px; line-height: 27px; white-space: normal; widows: auto;\">　　你只看得到热吻，却看不到争吵；看得到拥抱，却看不到别离；看得到结局，却看不到过程。</span><br style=\"border: 0px; margin: 0px; padding: 0px; color: rgb(51, 51, 51); font-family: 宋体; font-size: 14px; line-height: 27px; white-space: normal; widows: auto;\"/><span style=\"color: rgb(51, 51, 51); font-family: 宋体; font-size: 14px; line-height: 27px; white-space: normal; widows: auto;\">　　</span><br style=\"border: 0px; margin: 0px; padding: 0px; color: rgb(51, 51, 51); font-family: 宋体; font-size: 14px; line-height: 27px; white-space: normal; widows: auto;\"/><span style=\"color: rgb(51, 51, 51); font-family: 宋体; font-size: 14px; line-height: 27px; white-space: normal; widows: auto;\">　　不是每个恋爱中的人都能收获甜美的爱情，也不是每个收获甜美爱情的人都一路顺风。当你妒忌羡慕别人恋爱的时候，他们兴许还在羡慕着你。</span><br style=\"border: 0px; margin: 0px; padding: 0px; color: rgb(51, 51, 51); font-family: 宋体; font-size: 14px; line-height: 27px; white-space: normal; widows: auto;\"/><span style=\"color: rgb(51, 51, 51); font-family: 宋体; font-size: 14px; line-height: 27px; white-space: normal; widows: auto;\">　　</span><br style=\"border: 0px; margin: 0px; padding: 0px; color: rgb(51, 51, 51); font-family: 宋体; font-size: 14px; line-height: 27px; white-space: normal; widows: auto;\"/><span style=\"color: rgb(51, 51, 51); font-family: 宋体; font-size: 14px; line-height: 27px; white-space: normal; widows: auto;\">　　既然现在得不到爱情，便不如试着接受单身的生活，从自己的拥有中获得幸福。</span><br style=\"border: 0px; margin: 0px; padding: 0px; color: rgb(51, 51, 51); font-family: 宋体; font-size: 14px; line-height: 27px; white-space: normal; widows: auto;\"/><span style=\"color: rgb(51, 51, 51); font-family: 宋体; font-size: 14px; line-height: 27px; white-space: normal; widows: auto;\">　　</span><br style=\"border: 0px; margin: 0px; padding: 0px; color: rgb(51, 51, 51); font-family: 宋体; font-size: 14px; line-height: 27px; white-space: normal; widows: auto;\"/><span style=\"color: rgb(51, 51, 51); font-family: 宋体; font-size: 14px; line-height: 27px; white-space: normal; widows: auto;\">　　幸福的人，常常懂得感恩的艺术：对自己拥有的一切都很知足，不羡慕和嫉妒那些他们不及的生活，也不盲目去追求。</span><br style=\"border: 0px; margin: 0px; padding: 0px; color: rgb(51, 51, 51); font-family: 宋体; font-size: 14px; line-height: 27px; white-space: normal; widows: auto;\"/><span style=\"color: rgb(51, 51, 51); font-family: 宋体; font-size: 14px; line-height: 27px; white-space: normal; widows: auto;\">　　</span><br style=\"border: 0px; margin: 0px; padding: 0px; color: rgb(51, 51, 51); font-family: 宋体; font-size: 14px; line-height: 27px; white-space: normal; widows: auto;\"/><span style=\"color: rgb(51, 51, 51); font-family: 宋体; font-size: 14px; line-height: 27px; white-space: normal; widows: auto;\">　　一个人的幸福感，往往都不是被致命的失败扼杀的，而是被一些反复出现的小事情渐渐分解掉的。</span><br style=\"border: 0px; margin: 0px; padding: 0px; color: rgb(51, 51, 51); font-family: 宋体; font-size: 14px; line-height: 27px; white-space: normal; widows: auto;\"/><span style=\"color: rgb(51, 51, 51); font-family: 宋体; font-size: 14px; line-height: 27px; white-space: normal; widows: auto;\">　　</span><br style=\"border: 0px; margin: 0px; padding: 0px; color: rgb(51, 51, 51); font-family: 宋体; font-size: 14px; line-height: 27px; white-space: normal; widows: auto;\"/><span style=\"color: rgb(51, 51, 51); font-family: 宋体; font-size: 14px; line-height: 27px; white-space: normal; widows: auto;\">　　通常毁了我们生活的，不是那些大痛苦，而是一些小伤感。</span><br style=\"border: 0px; margin: 0px; padding: 0px; color: rgb(51, 51, 51); font-family: 宋体; font-size: 14px; line-height: 27px; white-space: normal; widows: auto;\"/><span style=\"color: rgb(51, 51, 51); font-family: 宋体; font-size: 14px; line-height: 27px; white-space: normal; widows: auto;\">　　</span><br style=\"border: 0px; margin: 0px; padding: 0px; color: rgb(51, 51, 51); font-family: 宋体; font-size: 14px; line-height: 27px; white-space: normal; widows: auto;\"/><span style=\"color: rgb(51, 51, 51); font-family: 宋体; font-size: 14px; line-height: 27px; white-space: normal; widows: auto;\">　　人，切不可一路成长，一路悲伤。</span></p>', null, '2015-08-25 15:46:24', 'colin', '毁了我们生活的，不是大痛苦，而是那些小伤感', '毁了我们生活的，不是大痛苦，而是那些小伤感', '0', '非我方');
INSERT INTO `homework_aticle` VALUES ('5ac083e8-3d4c-4ac5-8215-f00a77ad25a4', '0,0', '<p>g4r5gaergre</p>', null, '2015-08-25 16:05:59', 'colin', 'fga4ega', 'fewfa4', '0', 'qe,er,45,rrf');
INSERT INTO `homework_aticle` VALUES ('68cc47fc-1dd0-4b3f-aa3c-29fb18d92d52', '0,0', '<p>bsrtbsrtgzer</p>', null, '2015-08-25 16:08:15', 'colin', 'garegase', 'ferfea', '0', 'ver,efer,tsr,rsz');
INSERT INTO `homework_aticle` VALUES ('708378c4-6188-437d-9518-0bcf4d815789', '0,0', '<p><span style=\"color: rgb(51, 51, 51); font-family: 宋体; font-size: 14px; line-height: 27px; white-space: normal; widows: auto;\">某天被某个熟悉画面触动的酸涩是如何而来的。我轻轻掂着心扉，问了问自己，我开看了吗?心莫名的跳动了一下，纠结着无法回答。也许，我学会了诉说，学会了淡然，还是学不会绝情。</span><br style=\"border: 0px; margin: 0px; padding: 0px; color: rgb(51, 51, 51); font-family: 宋体; font-size: 14px; line-height: 27px; white-space: normal; widows: auto;\"/><span style=\"color: rgb(51, 51, 51); font-family: 宋体; font-size: 14px; line-height: 27px; white-space: normal; widows: auto;\">　　</span><br style=\"border: 0px; margin: 0px; padding: 0px; color: rgb(51, 51, 51); font-family: 宋体; font-size: 14px; line-height: 27px; white-space: normal; widows: auto;\"/><span style=\"color: rgb(51, 51, 51); font-family: 宋体; font-size: 14px; line-height: 27px; white-space: normal; widows: auto;\">　　可不可以不要见我坚强就把我往死里伤。</span><br style=\"border: 0px; margin: 0px; padding: 0px; color: rgb(51, 51, 51); font-family: 宋体; font-size: 14px; line-height: 27px; white-space: normal; widows: auto;\"/><span style=\"color: rgb(51, 51, 51); font-family: 宋体; font-size: 14px; line-height: 27px; white-space: normal; widows: auto;\">　　</span><br style=\"border: 0px; margin: 0px; padding: 0px; color: rgb(51, 51, 51); font-family: 宋体; font-size: 14px; line-height: 27px; white-space: normal; widows: auto;\"/><span style=\"color: rgb(51, 51, 51); font-family: 宋体; font-size: 14px; line-height: 27px; white-space: normal; widows: auto;\">　　你用隐身来逃避我，而我用隐身来成全你。</span><br style=\"border: 0px; margin: 0px; padding: 0px; color: rgb(51, 51, 51); font-family: 宋体; font-size: 14px; line-height: 27px; white-space: normal; widows: auto;\"/><span style=\"color: rgb(51, 51, 51); font-family: 宋体; font-size: 14px; line-height: 27px; white-space: normal; widows: auto;\">　　</span><br style=\"border: 0px; margin: 0px; padding: 0px; color: rgb(51, 51, 51); font-family: 宋体; font-size: 14px; line-height: 27px; white-space: normal; widows: auto;\"/><span style=\"color: rgb(51, 51, 51); font-family: 宋体; font-size: 14px; line-height: 27px; white-space: normal; widows: auto;\">　　应该趁年轻和喜欢的人在一起制造些比夏天还要温暖的事情</span><br style=\"border: 0px; margin: 0px; padding: 0px; color: rgb(51, 51, 51); font-family: 宋体; font-size: 14px; line-height: 27px; white-space: normal; widows: auto;\"/><span style=\"color: rgb(51, 51, 51); font-family: 宋体; font-size: 14px; line-height: 27px; white-space: normal; widows: auto;\">　　</span><br style=\"border: 0px; margin: 0px; padding: 0px; color: rgb(51, 51, 51); font-family: 宋体; font-size: 14px; line-height: 27px; white-space: normal; widows: auto;\"/><span style=\"color: rgb(51, 51, 51); font-family: 宋体; font-size: 14px; line-height: 27px; white-space: normal; widows: auto;\">　　我喜欢你主动找我这样我就确定你不会嫌我烦。</span><br style=\"border: 0px; margin: 0px; padding: 0px; color: rgb(51, 51, 51); font-family: 宋体; font-size: 14px; line-height: 27px; white-space: normal; widows: auto;\"/><span style=\"color: rgb(51, 51, 51); font-family: 宋体; font-size: 14px; line-height: 27px; white-space: normal; widows: auto;\">　　</span><br style=\"border: 0px; margin: 0px; padding: 0px; color: rgb(51, 51, 51); font-family: 宋体; font-size: 14px; line-height: 27px; white-space: normal; widows: auto;\"/><span style=\"color: rgb(51, 51, 51); font-family: 宋体; font-size: 14px; line-height: 27px; white-space: normal; widows: auto;\">　　维系一段感情的，不是坦白，而是考虑到对方的感受，有所保留。</span><br style=\"border: 0px; margin: 0px; padding: 0px; color: rgb(51, 51, 51); font-family: 宋体; font-size: 14px; line-height: 27px; white-space: normal; widows: auto;\"/><span style=\"color: rgb(51, 51, 51); font-family: 宋体; font-size: 14px; line-height: 27px; white-space: normal; widows: auto;\">　　</span><br style=\"border: 0px; margin: 0px; padding: 0px; color: rgb(51, 51, 51); font-family: 宋体; font-size: 14px; line-height: 27px; white-space: normal; widows: auto;\"/><span style=\"color: rgb(51, 51, 51); font-family: 宋体; font-size: 14px; line-height: 27px; white-space: normal; widows: auto;\">　　伤害一个人只要一句话，感动一个人却要一辈子。</span><br style=\"border: 0px; margin: 0px; padding: 0px; color: rgb(51, 51, 51); font-family: 宋体; font-size: 14px; line-height: 27px; white-space: normal; widows: auto;\"/><span style=\"color: rgb(51, 51, 51); font-family: 宋体; font-size: 14px; line-height: 27px; white-space: normal; widows: auto;\">　　</span><br style=\"border: 0px; margin: 0px; padding: 0px; color: rgb(51, 51, 51); font-family: 宋体; font-size: 14px; line-height: 27px; white-space: normal; widows: auto;\"/><span style=\"color: rgb(51, 51, 51); font-family: 宋体; font-size: 14px; line-height: 27px; white-space: normal; widows: auto;\">　　我只希望我们好好的，好好的笑，好好的爱，好好的过，好好的一辈子。</span><br style=\"border: 0px; margin: 0px; padding: 0px; color: rgb(51, 51, 51); font-family: 宋体; font-size: 14px; line-height: 27px; white-space: normal; widows: auto;\"/><span style=\"color: rgb(51, 51, 51); font-family: 宋体; font-size: 14px; line-height: 27px; white-space: normal; widows: auto;\">　　</span><br style=\"border: 0px; margin: 0px; padding: 0px; color: rgb(51, 51, 51); font-family: 宋体; font-size: 14px; line-height: 27px; white-space: normal; widows: auto;\"/><span style=\"color: rgb(51, 51, 51); font-family: 宋体; font-size: 14px; line-height: 27px; white-space: normal; widows: auto;\">　　有些事，不是不在意，而是在意了又能怎样。人生没有如果，只有后果和结果。成熟，就是用微笑来面对一切小事。</span><br style=\"border: 0px; margin: 0px; padding: 0px; color: rgb(51, 51, 51); font-family: 宋体; font-size: 14px; line-height: 27px; white-space: normal; widows: auto;\"/><span style=\"color: rgb(51, 51, 51); font-family: 宋体; font-size: 14px; line-height: 27px; white-space: normal; widows: auto;\">　　</span><br style=\"border: 0px; margin: 0px; padding: 0px; color: rgb(51, 51, 51); font-family: 宋体; font-size: 14px; line-height: 27px; white-space: normal; widows: auto;\"/><span style=\"color: rgb(51, 51, 51); font-family: 宋体; font-size: 14px; line-height: 27px; white-space: normal; widows: auto;\">　　我习惯了不该习惯的习惯,却执着着不该执着的执着。</span><br style=\"border: 0px; margin: 0px; padding: 0px; color: rgb(51, 51, 51); font-family: 宋体; font-size: 14px; line-height: 27px; white-space: normal; widows: auto;\"/><span style=\"color: rgb(51, 51, 51); font-family: 宋体; font-size: 14px; line-height: 27px; white-space: normal; widows: auto;\">　　</span><br style=\"border: 0px; margin: 0px; padding: 0px; color: rgb(51, 51, 51); font-family: 宋体; font-size: 14px; line-height: 27px; white-space: normal; widows: auto;\"/><span style=\"color: rgb(51, 51, 51); font-family: 宋体; font-size: 14px; line-height: 27px; white-space: normal; widows: auto;\">　　幸福如人饮水，冷暖自知。你不是我，怎知我走过的路，心中的乐与苦。</span><br style=\"border: 0px; margin: 0px; padding: 0px; color: rgb(51, 51, 51); font-family: 宋体; font-size: 14px; line-height: 27px; white-space: normal; widows: auto;\"/><span style=\"color: rgb(51, 51, 51); font-family: 宋体; font-size: 14px; line-height: 27px; white-space: normal; widows: auto;\">　　</span><br style=\"border: 0px; margin: 0px; padding: 0px; color: rgb(51, 51, 51); font-family: 宋体; font-size: 14px; line-height: 27px; white-space: normal; widows: auto;\"/><span style=\"color: rgb(51, 51, 51); font-family: 宋体; font-size: 14px; line-height: 27px; white-space: normal; widows: auto;\">　　我们总是在错误的时间，错误的地点，懵懵然就爱上那个人，然后，不得不用尽一生来遗忘。</span><br style=\"border: 0px; margin: 0px; padding: 0px; color: rgb(51, 51, 51); font-family: 宋体; font-size: 14px; line-height: 27px; white-space: normal; widows: auto;\"/><span style=\"color: rgb(51, 51, 51); font-family: 宋体; font-size: 14px; line-height: 27px; white-space: normal; widows: auto;\">　　</span><br style=\"border: 0px; margin: 0px; padding: 0px; color: rgb(51, 51, 51); font-family: 宋体; font-size: 14px; line-height: 27px; white-space: normal; widows: auto;\"/><span style=\"color: rgb(51, 51, 51); font-family: 宋体; font-size: 14px; line-height: 27px; white-space: normal; widows: auto;\">　　唯有你愿意去相信，才能得到你想相信的。对的人终究会遇上，美好的人终究会遇到，只要让自己足够美好。努力让自己独立坚强，这样才能有底气告诉我爱的人，我爱他。</span><br style=\"border: 0px; margin: 0px; padding: 0px; color: rgb(51, 51, 51); font-family: 宋体; font-size: 14px; line-height: 27px; white-space: normal; widows: auto;\"/><span style=\"color: rgb(51, 51, 51); font-family: 宋体; font-size: 14px; line-height: 27px; white-space: normal; widows: auto;\">　　</span><br style=\"border: 0px; margin: 0px; padding: 0px; color: rgb(51, 51, 51); font-family: 宋体; font-size: 14px; line-height: 27px; white-space: normal; widows: auto;\"/><span style=\"color: rgb(51, 51, 51); font-family: 宋体; font-size: 14px; line-height: 27px; white-space: normal; widows: auto;\">　　感谢你赠我一场空欢喜，我们有过的美好回忆，让泪水染得模糊不清了。偶尔想起，记忆犹新，就像当初，我爱你，没有什么目的，只是爱你。</span><br style=\"border: 0px; margin: 0px; padding: 0px; color: rgb(51, 51, 51); font-family: 宋体; font-size: 14px; line-height: 27px; white-space: normal; widows: auto;\"/><span style=\"color: rgb(51, 51, 51); font-family: 宋体; font-size: 14px; line-height: 27px; white-space: normal; widows: auto;\">　　</span><br style=\"border: 0px; margin: 0px; padding: 0px; color: rgb(51, 51, 51); font-family: 宋体; font-size: 14px; line-height: 27px; white-space: normal; widows: auto;\"/><span style=\"color: rgb(51, 51, 51); font-family: 宋体; font-size: 14px; line-height: 27px; white-space: normal; widows: auto;\">　　即使自己不快乐，也绝不去打扰别人的幸福，这是原则。</span><br style=\"border: 0px; margin: 0px; padding: 0px; color: rgb(51, 51, 51); font-family: 宋体; font-size: 14px; line-height: 27px; white-space: normal; widows: auto;\"/><span style=\"color: rgb(51, 51, 51); font-family: 宋体; font-size: 14px; line-height: 27px; white-space: normal; widows: auto;\">　　</span><br style=\"border: 0px; margin: 0px; padding: 0px; color: rgb(51, 51, 51); font-family: 宋体; font-size: 14px; line-height: 27px; white-space: normal; widows: auto;\"/><span style=\"color: rgb(51, 51, 51); font-family: 宋体; font-size: 14px; line-height: 27px; white-space: normal; widows: auto;\">　　很多时候，不是你一直不懈的坚持，就会换来一个人的爱。爱情是勉强不来的。即便你日日相守，也终究敌不过他遇到她时的奋不顾身。</span><br style=\"border: 0px; margin: 0px; padding: 0px; color: rgb(51, 51, 51); font-family: 宋体; font-size: 14px; line-height: 27px; white-space: normal; widows: auto;\"/><span style=\"color: rgb(51, 51, 51); font-family: 宋体; font-size: 14px; line-height: 27px; white-space: normal; widows: auto;\">　　</span><br style=\"border: 0px; margin: 0px; padding: 0px; color: rgb(51, 51, 51); font-family: 宋体; font-size: 14px; line-height: 27px; white-space: normal; widows: auto;\"/><span style=\"color: rgb(51, 51, 51); font-family: 宋体; font-size: 14px; line-height: 27px; white-space: normal; widows: auto;\">　　距离可以增加思念，燃烧激情，可当最初的迷恋渐渐消退，距离成了彼此进一步沟通的最大障碍。两个人的性格差异，需要亲密的相处来了解和适应，由浓转淡的感情，更是需要通过分享心情维护下去。</span><br style=\"border: 0px; margin: 0px; padding: 0px; color: rgb(51, 51, 51); font-family: 宋体; font-size: 14px; line-height: 27px; white-space: normal; widows: auto;\"/><span style=\"color: rgb(51, 51, 51); font-family: 宋体; font-size: 14px; line-height: 27px; white-space: normal; widows: auto;\">　　</span><br style=\"border: 0px; margin: 0px; padding: 0px; color: rgb(51, 51, 51); font-family: 宋体; font-size: 14px; line-height: 27px; white-space: normal; widows: auto;\"/><span style=\"color: rgb(51, 51, 51); font-family: 宋体; font-size: 14px; line-height: 27px; white-space: normal; widows: auto;\">　　每一段爱情，都会从激情走向平淡。开始时电击般的兴奋和痴情，慢慢的变得温和平静，少了冲动，开始觉察心中人的缺点，也会为失去新鲜感而烦躁不安。有时候会问自己：是不是这些都是不爱的征兆?</span><br style=\"border: 0px; margin: 0px; padding: 0px; color: rgb(51, 51, 51); font-family: 宋体; font-size: 14px; line-height: 27px; white-space: normal; widows: auto;\"/><span style=\"color: rgb(51, 51, 51); font-family: 宋体; font-size: 14px; line-height: 27px; white-space: normal; widows: auto;\">　　</span><br style=\"border: 0px; margin: 0px; padding: 0px; color: rgb(51, 51, 51); font-family: 宋体; font-size: 14px; line-height: 27px; white-space: normal; widows: auto;\"/><span style=\"color: rgb(51, 51, 51); font-family: 宋体; font-size: 14px; line-height: 27px; white-space: normal; widows: auto;\">　　她为你掉眼泪了，不要道歉，不要安慰，紧紧地抱住她，告诉她你在，就可以。认识你愈久，愈觉得你是我人生行路中一处清喜的水泽。几次想忘于世，总是在山穷水尽处又悄然相见。</span><br style=\"border: 0px; margin: 0px; padding: 0px; color: rgb(51, 51, 51); font-family: 宋体; font-size: 14px; line-height: 27px; white-space: normal; widows: auto;\"/><span style=\"color: rgb(51, 51, 51); font-family: 宋体; font-size: 14px; line-height: 27px; white-space: normal; widows: auto;\">　　</span><br style=\"border: 0px; margin: 0px; padding: 0px; color: rgb(51, 51, 51); font-family: 宋体; font-size: 14px; line-height: 27px; white-space: normal; widows: auto;\"/><span style=\"color: rgb(51, 51, 51); font-family: 宋体; font-size: 14px; line-height: 27px; white-space: normal; widows: auto;\">　　有些人注定是只会放在你心底，而消失在你的生活里。你从心底知道自己是爱她的，尽管现在已经记不起她的样子。因为这爱如此深重，以至于你一度以为自己会忘不掉。</span><br style=\"border: 0px; margin: 0px; padding: 0px; color: rgb(51, 51, 51); font-family: 宋体; font-size: 14px; line-height: 27px; white-space: normal; widows: auto;\"/><span style=\"color: rgb(51, 51, 51); font-family: 宋体; font-size: 14px; line-height: 27px; white-space: normal; widows: auto;\">　　</span><br style=\"border: 0px; margin: 0px; padding: 0px; color: rgb(51, 51, 51); font-family: 宋体; font-size: 14px; line-height: 27px; white-space: normal; widows: auto;\"/><span style=\"color: rgb(51, 51, 51); font-family: 宋体; font-size: 14px; line-height: 27px; white-space: normal; widows: auto;\">　　谈恋爱，争吵是避免不了。再爱得如胶似漆的一对，也总会因为性格不同，想法各异而争执吵闹。吵过，你才了解对方的真实想法，以后学着彼此理解和包容，不再计较什么。</span><br style=\"border: 0px; margin: 0px; padding: 0px; color: rgb(51, 51, 51); font-family: 宋体; font-size: 14px; line-height: 27px; white-space: normal; widows: auto;\"/><span style=\"color: rgb(51, 51, 51); font-family: 宋体; font-size: 14px; line-height: 27px; white-space: normal; widows: auto;\">　　</span><br style=\"border: 0px; margin: 0px; padding: 0px; color: rgb(51, 51, 51); font-family: 宋体; font-size: 14px; line-height: 27px; white-space: normal; widows: auto;\"/><span style=\"color: rgb(51, 51, 51); font-family: 宋体; font-size: 14px; line-height: 27px; white-space: normal; widows: auto;\">　　我和你，一步之遥;我既无法上前一步，陪伴你左右;也无法退后一步，重新找回朋友的支点，只能静静地看着你，默默地祝福你。</span><br style=\"border: 0px; margin: 0px; padding: 0px; color: rgb(51, 51, 51); font-family: 宋体; font-size: 14px; line-height: 27px; white-space: normal; widows: auto;\"/><span style=\"color: rgb(51, 51, 51); font-family: 宋体; font-size: 14px; line-height: 27px; white-space: normal; widows: auto;\">　　</span><br style=\"border: 0px; margin: 0px; padding: 0px; color: rgb(51, 51, 51); font-family: 宋体; font-size: 14px; line-height: 27px; white-space: normal; widows: auto;\"/><span style=\"color: rgb(51, 51, 51); font-family: 宋体; font-size: 14px; line-height: 27px; white-space: normal; widows: auto;\">　　你就是最甜蜜的爱人，我希望听到的，不是你怎样地爱我，而是你一直在我身边的承诺，让我感到最幸福的事，正是你一直在。我认定你是我最甜蜜的爱人，我知道你永远也不会离开。</span></p>', null, '2015-08-25 16:00:49', 'colin', '某天被某个熟悉画面触动的酸涩是如何而来的。我轻轻掂着心扉，问了问自己，我开看了吗?心莫名的跳动了一下，纠结着无法回答。也许，我学会了诉说，学会了淡然，还是学不会绝情。', '爱我，你做到了吗？', '0', '标签1,标签2');
INSERT INTO `homework_aticle` VALUES ('716773d3-ec0e-46f2-baeb-615adcb8a961', '0,0', '<p><span style=\"color: rgb(51, 51, 51); font-family: Verdana, Arial, Tahoma; font-size: 14px; line-height: 25px; white-space: normal; widows: auto; background-color: rgb(249, 255, 255);\">（一）有种美丽的遗憾叫错过&nbsp;</span><br style=\"padding: 0px; margin: 0px; color: rgb(51, 51, 51); font-family: Verdana, Arial, Tahoma; font-size: 14px; line-height: 25px; white-space: normal; widows: auto;\"/><span style=\"color: rgb(51, 51, 51); font-family: Verdana, Arial, Tahoma; font-size: 14px; line-height: 25px; white-space: normal; widows: auto; background-color: rgb(249, 255, 255);\">&nbsp;&nbsp;&nbsp;&nbsp;&nbsp;错落有致的教学楼、幽静的林荫小道、活力四射的啦啦队、娴熟又略带耍酷的球技、激情高亢的呐喊声，校园的一切都洋溢着浓浓的青春气息。课余时间，你喜欢打球，我喜欢看球，偏偏巧合的是我俩的焦点都在同一个球场，但我从来没注意到你，你也不知道每天傍晚有个女生在看球。高一，你在隔壁班。每天你我都从彼此的教室经过，甚至经常到彼此教室找过同学，愣是不记得隔壁班有过彼此的存在。就这样，仅一墙之隔的我们错过了一年。高二，你在新校区，而我在老校区。偏偏我经常去新校区找同学，你经常来老校区打球，我们多次往返于同一条校道上，或许我们曾迎面走过，或许曾擦肩而过，却连彼此的侧脸都没印象，甚至是一个模糊的身影。于是在众多的清一色的人群中又错过了一年。高三，你就住在我教室附近的教职工宿舍。经常穿梭在同一条校道，经常去同一个食堂，年级开会时我俩班级经常坐在一起，周末最爱去的同一家快餐店......同一个地点、同一个时间，我们还是赶不上或来不及看对方一眼，于是在以忙碌的备考为主旋律的高三又错过了一年。缘分真的很奇妙，在拥有那么多的“相同点”“巧合点”的基础上，让人感觉彼此的距离是那么的近却又是那么的远。于是在我们的高中时光里，缘分这位爱情导演没有安排我们出演天真烂漫、青涩的校园爱情戏份。</span><br style=\"padding: 0px; margin: 0px; color: rgb(51, 51, 51); font-family: Verdana, Arial, Tahoma; font-size: 14px; line-height: 25px; white-space: normal; widows: auto;\"/><span style=\"color: rgb(51, 51, 51); font-family: Verdana, Arial, Tahoma; font-size: 14px; line-height: 25px; white-space: normal; widows: auto; background-color: rgb(249, 255, 255);\">&nbsp;</span><br style=\"padding: 0px; margin: 0px; color: rgb(51, 51, 51); font-family: Verdana, Arial, Tahoma; font-size: 14px; line-height: 25px; white-space: normal; widows: auto;\"/><span style=\"color: rgb(51, 51, 51); font-family: Verdana, Arial, Tahoma; font-size: 14px; line-height: 25px; white-space: normal; widows: auto; background-color: rgb(249, 255, 255);\">&nbsp;&nbsp;&nbsp;&nbsp;&nbsp;&nbsp;&nbsp;&nbsp;&nbsp;&nbsp;&nbsp;&nbsp;&nbsp;&nbsp;&nbsp;&nbsp;&nbsp;&nbsp;&nbsp;&nbsp;&nbsp;&nbsp;&nbsp;&nbsp;&nbsp;&nbsp;&nbsp;&nbsp;&nbsp;&nbsp;&nbsp;&nbsp;&nbsp;&nbsp;&nbsp;&nbsp; &nbsp;&nbsp; &nbsp;&nbsp;&nbsp;&nbsp;（二）美丽的错过只为合适的相遇</span><br style=\"padding: 0px; margin: 0px; color: rgb(51, 51, 51); font-family: Verdana, Arial, Tahoma; font-size: 14px; line-height: 25px; white-space: normal; widows: auto;\"/><span style=\"color: rgb(51, 51, 51); font-family: Verdana, Arial, Tahoma; font-size: 14px; line-height: 25px; white-space: normal; widows: auto; background-color: rgb(249, 255, 255);\">&nbsp;&nbsp;&nbsp;&nbsp;&nbsp;陌生的城市、陌生的环境、陌生的面孔，刚开始的大学生活里一切都是陌生的，终于理解“老乡”这个词的真正含义和其所带来的温暖。缘分依旧在我俩中间牵线，你是老乡农家乐的负责人，而我不顾你热情的邀请委婉推辞，只为睡个慵懒的午觉。不过最终还是你赢了，经不住你的软磨硬泡还是去了。于是，在有着熟悉的口音和熟悉的饮食习惯的农家乐上我们终于“正式见面”了！说实话见到你第一个本能的感觉就是“哦，原来给我打电话的人长这样。”后来，你在厨房忙碌，我在唱歌；你在和其他老乡聊天，我在唱歌；你在吃饺子，我还在唱歌。你忍不住说话了！我们第一次正面对话就这么诞生了！你脸上满是笑意地说：“再唱再唱没啥吃的啦！”“没有就不吃啦！”我回应着。于是在你诚恳的邀请下，我就很开心地加入了包饺子、吃饺子的队伍。后来你告诉我：“把你带到大伙中去是为了在光线好、人多的时候偷偷给你拍张照。”农家乐接近尾声，学长送我们几个回去，简单的打招呼后我们就结束了第一次的“正式见面”。后来你告诉我当时很想把光荣的“护花”任务揽到自己身上，却没有足够的勇气和充足的理由。缘分安排的错过并不是再也不见，而是安排两人在合适的时间、合适的地点来一场合适的相遇。</span><br style=\"padding: 0px; margin: 0px; color: rgb(51, 51, 51); font-family: Verdana, Arial, Tahoma; font-size: 14px; line-height: 25px; white-space: normal; widows: auto;\"/><span style=\"color: rgb(51, 51, 51); font-family: Verdana, Arial, Tahoma; font-size: 14px; line-height: 25px; white-space: normal; widows: auto; background-color: rgb(249, 255, 255);\">&nbsp;&nbsp;&nbsp;&nbsp;&nbsp;</span><br style=\"padding: 0px; margin: 0px; color: rgb(51, 51, 51); font-family: Verdana, Arial, Tahoma; font-size: 14px; line-height: 25px; white-space: normal; widows: auto;\"/><span style=\"color: rgb(51, 51, 51); font-family: Verdana, Arial, Tahoma; font-size: 14px; line-height: 25px; white-space: normal; widows: auto; background-color: rgb(249, 255, 255);\">&nbsp;&nbsp;&nbsp;&nbsp;&nbsp;&nbsp;&nbsp;&nbsp;&nbsp;&nbsp;&nbsp;&nbsp;&nbsp;&nbsp;&nbsp;&nbsp;&nbsp;&nbsp;&nbsp;&nbsp;&nbsp;&nbsp;&nbsp;&nbsp;&nbsp;&nbsp;&nbsp;&nbsp;&nbsp;&nbsp;&nbsp;&nbsp;&nbsp;&nbsp;&nbsp;&nbsp;&nbsp;&nbsp;&nbsp;&nbsp;&nbsp;&nbsp;&nbsp;&nbsp;&nbsp; （三）相知.相恋.相伴</span><br style=\"padding: 0px; margin: 0px; color: rgb(51, 51, 51); font-family: Verdana, Arial, Tahoma; font-size: 14px; line-height: 25px; white-space: normal; widows: auto;\"/><span style=\"color: rgb(51, 51, 51); font-family: Verdana, Arial, Tahoma; font-size: 14px; line-height: 25px; white-space: normal; widows: auto; background-color: rgb(249, 255, 255);\">&nbsp;&nbsp;&nbsp;&nbsp;&nbsp;那段时间总能听到舍友大喊“你那爱唠嗑的老乡又来电话啦”，起床、课前、课间、饭前、饭后、睡前都会有你的电话，手机上未接来电和已接来电最多的是你的号码，后来你告诉我，每次的电话里你都在拼命找话题，只为了能和我多说会话。你总是跟我讲各种笑话，总是变着法子逗我开心，总是细心记住我的小习惯、爱好，总是关心我生活的点点滴滴。两颗心慢慢敞开，让对方住进来，于是校园里多了一对幸福的小情侣。你住琴湖，我住北苑，一南一北，学校流行一句话：“琴湖和北苑的恋爱都是异地恋”，而你总是“不辞劳苦”“长途跋涉”给我送来亲手熬的汤，因为你知道我想念家里的味道；我生病了，你总是很自责内疚，因为你觉得是你没把我照顾好；你总是包容我的小脾气、任性，因为你说过女生是用来呵护的。你总是等我下课后把我送回宿舍；你总是牺牲你的周末时间陪我去上课，尽管你不喜欢课程；你总是陪我吃我想吃的东西，尽管有时你不爱吃；你总是陪我大老远的来陪我散步或上晚自习，尽管有时你很累。爱情不是大学的必修课，但缘分安排我俩选修这门课，让我们的大学生活画册上增添绚丽的一笔。</span><br style=\"padding: 0px; margin: 0px; color: rgb(51, 51, 51); font-family: Verdana, Arial, Tahoma; font-size: 14px; line-height: 25px; white-space: normal; widows: auto;\"/><span style=\"color: rgb(51, 51, 51); font-family: Verdana, Arial, Tahoma; font-size: 14px; line-height: 25px; white-space: normal; widows: auto; background-color: rgb(249, 255, 255);\">&nbsp;&nbsp;&nbsp; 很多人说：“时间会让爱情慢慢变淡、变得越随便”，但其实不然。爱情就像一杯茶，慢慢品尝，方能闻出其中的芬芳、清香。我俩走过这几年，不是变淡，反而对彼此的依赖更深，爱得更深。我们相互理解，相互支持，相互照顾，一起为我们想要的未来努力着。</span><br style=\"padding: 0px; margin: 0px; color: rgb(51, 51, 51); font-family: Verdana, Arial, Tahoma; font-size: 14px; line-height: 25px; white-space: normal; widows: auto;\"/><span style=\"color: rgb(51, 51, 51); font-family: Verdana, Arial, Tahoma; font-size: 14px; line-height: 25px; white-space: normal; widows: auto; background-color: rgb(249, 255, 255);\">&nbsp;&nbsp;&nbsp; 缘分缘分，有缘有分，很幸运我俩一直都在路上。无论剧情怎么变换，缘分这位导演总会让有情人终成眷属。</span></p>', null, '2015-08-25 15:37:34', 'colin', ' 缘分就像是一部爱情电影的导演，本可以安排两人在某个浪漫情境中幸福相遇，却偏偏设计留下巧合又高傲的转身，擦肩错过的画面；本可以安排两人来一场无忧无虑、甜蜜的热恋，却偏偏设计“当现实不给爱情让路”时心塞无奈的桥段；本可以安排两人开始“从此王子与公主过上幸福生活”童话般的旅程，却偏偏设计小家庭里因柴米油盐而起的矛盾、吵吵闹闹的情景。但爱情何尝不是这样的呢？冥冥之中让人遗憾又让人看到些许期待与希望，酸中带甜，苦中作乐。不得不说，缘分真的是非常奇妙。一边看着别人的故事，体会别人爱情里的心酸、甜蜜和幸福，一边回忆和感悟自己的爱情。', '错过.相遇.相恋', '0', 'html5');
INSERT INTO `homework_aticle` VALUES ('96ebfe34-05fc-4c53-b16f-722e9b4efba4', '0,0', '<p><span style=\"color: rgb(51, 51, 51); font-family: 宋体; font-size: 14px; line-height: 27px; white-space: normal; widows: auto;\">有两枚尚未恋爱的“单身狗”，一个叫小伤感，一个叫小感动。</span><br style=\"border: 0px; margin: 0px; padding: 0px; color: rgb(51, 51, 51); font-family: 宋体; font-size: 14px; line-height: 27px; white-space: normal; widows: auto;\"/><span style=\"color: rgb(51, 51, 51); font-family: 宋体; font-size: 14px; line-height: 27px; white-space: normal; widows: auto;\">　　</span><br style=\"border: 0px; margin: 0px; padding: 0px; color: rgb(51, 51, 51); font-family: 宋体; font-size: 14px; line-height: 27px; white-space: normal; widows: auto;\"/><span style=\"color: rgb(51, 51, 51); font-family: 宋体; font-size: 14px; line-height: 27px; white-space: normal; widows: auto;\">　　小伤感看见恋人坐在长椅上热吻，她会觉得落单，听到闺蜜们说出来的甜蜜，她也羡慕嫉妒。</span><br style=\"border: 0px; margin: 0px; padding: 0px; color: rgb(51, 51, 51); font-family: 宋体; font-size: 14px; line-height: 27px; white-space: normal; widows: auto;\"/><span style=\"color: rgb(51, 51, 51); font-family: 宋体; font-size: 14px; line-height: 27px; white-space: normal; widows: auto;\">　　</span><br style=\"border: 0px; margin: 0px; padding: 0px; color: rgb(51, 51, 51); font-family: 宋体; font-size: 14px; line-height: 27px; white-space: normal; widows: auto;\"/><span style=\"color: rgb(51, 51, 51); font-family: 宋体; font-size: 14px; line-height: 27px; white-space: normal; widows: auto;\">　　看见悲伤的故事，她不自觉地联想到自己：万一遇见这样的臭男人，我该怎么办？</span><br style=\"border: 0px; margin: 0px; padding: 0px; color: rgb(51, 51, 51); font-family: 宋体; font-size: 14px; line-height: 27px; white-space: normal; widows: auto;\"/><span style=\"color: rgb(51, 51, 51); font-family: 宋体; font-size: 14px; line-height: 27px; white-space: normal; widows: auto;\">　　</span><br style=\"border: 0px; margin: 0px; padding: 0px; color: rgb(51, 51, 51); font-family: 宋体; font-size: 14px; line-height: 27px; white-space: normal; widows: auto;\"/><span style=\"color: rgb(51, 51, 51); font-family: 宋体; font-size: 14px; line-height: 27px; white-space: normal; widows: auto;\">　　每逢各种情人有关的节日，遇见电影里的圆满结局，她也倍感落寞：幸福是他们的，我什么也没有。</span><br style=\"border: 0px; margin: 0px; padding: 0px; color: rgb(51, 51, 51); font-family: 宋体; font-size: 14px; line-height: 27px; white-space: normal; widows: auto;\"/><span style=\"color: rgb(51, 51, 51); font-family: 宋体; font-size: 14px; line-height: 27px; white-space: normal; widows: auto;\">　　</span><br style=\"border: 0px; margin: 0px; padding: 0px; color: rgb(51, 51, 51); font-family: 宋体; font-size: 14px; line-height: 27px; white-space: normal; widows: auto;\"/><span style=\"color: rgb(51, 51, 51); font-family: 宋体; font-size: 14px; line-height: 27px; white-space: normal; widows: auto;\">　　然而，小感动常常不是这样。</span><br style=\"border: 0px; margin: 0px; padding: 0px; color: rgb(51, 51, 51); font-family: 宋体; font-size: 14px; line-height: 27px; white-space: normal; widows: auto;\"/><span style=\"color: rgb(51, 51, 51); font-family: 宋体; font-size: 14px; line-height: 27px; white-space: normal; widows: auto;\">　　</span><br style=\"border: 0px; margin: 0px; padding: 0px; color: rgb(51, 51, 51); font-family: 宋体; font-size: 14px; line-height: 27px; white-space: normal; widows: auto;\"/><span style=\"color: rgb(51, 51, 51); font-family: 宋体; font-size: 14px; line-height: 27px; white-space: normal; widows: auto;\">　　看到恋人成双成对，她心里感到幸福，坚信自己到时定能同他们一样。</span><br style=\"border: 0px; margin: 0px; padding: 0px; color: rgb(51, 51, 51); font-family: 宋体; font-size: 14px; line-height: 27px; white-space: normal; widows: auto;\"/><span style=\"color: rgb(51, 51, 51); font-family: 宋体; font-size: 14px; line-height: 27px; white-space: normal; widows: auto;\">　　</span><br style=\"border: 0px; margin: 0px; padding: 0px; color: rgb(51, 51, 51); font-family: 宋体; font-size: 14px; line-height: 27px; white-space: normal; widows: auto;\"/><span style=\"color: rgb(51, 51, 51); font-family: 宋体; font-size: 14px; line-height: 27px; white-space: normal; widows: auto;\">　　当朋友诉说甜美的生活之后，她也分享自己的快乐，因为无爱的生活，同样被她过得有声有色。</span><br style=\"border: 0px; margin: 0px; padding: 0px; color: rgb(51, 51, 51); font-family: 宋体; font-size: 14px; line-height: 27px; white-space: normal; widows: auto;\"/><span style=\"color: rgb(51, 51, 51); font-family: 宋体; font-size: 14px; line-height: 27px; white-space: normal; widows: auto;\">　　</span><br style=\"border: 0px; margin: 0px; padding: 0px; color: rgb(51, 51, 51); font-family: 宋体; font-size: 14px; line-height: 27px; white-space: normal; widows: auto;\"/><span style=\"color: rgb(51, 51, 51); font-family: 宋体; font-size: 14px; line-height: 27px; white-space: normal; widows: auto;\">　　偶然碰到悲伤的故事，她会安慰自己，不是所有爱情都要经历坎坷才得以成全；若是结局完美，她也跟着流泪，但流下的泪水不是寂寞，而是感动。</span><br style=\"border: 0px; margin: 0px; padding: 0px; color: rgb(51, 51, 51); font-family: 宋体; font-size: 14px; line-height: 27px; white-space: normal; widows: auto;\"/><span style=\"color: rgb(51, 51, 51); font-family: 宋体; font-size: 14px; line-height: 27px; white-space: normal; widows: auto;\">　　</span><br style=\"border: 0px; margin: 0px; padding: 0px; color: rgb(51, 51, 51); font-family: 宋体; font-size: 14px; line-height: 27px; white-space: normal; widows: auto;\"/><span style=\"color: rgb(51, 51, 51); font-family: 宋体; font-size: 14px; line-height: 27px; white-space: normal; widows: auto;\">　　就这样，小伤感愈发伤感，与朋友玩耍的时候不痛快，与家人团聚的时候不开心，独自一人的时候，心中的失落感愈发明显。</span><br style=\"border: 0px; margin: 0px; padding: 0px; color: rgb(51, 51, 51); font-family: 宋体; font-size: 14px; line-height: 27px; white-space: normal; widows: auto;\"/><span style=\"color: rgb(51, 51, 51); font-family: 宋体; font-size: 14px; line-height: 27px; white-space: normal; widows: auto;\">　　</span><br style=\"border: 0px; margin: 0px; padding: 0px; color: rgb(51, 51, 51); font-family: 宋体; font-size: 14px; line-height: 27px; white-space: normal; widows: auto;\"/><span style=\"color: rgb(51, 51, 51); font-family: 宋体; font-size: 14px; line-height: 27px; white-space: normal; widows: auto;\">　　然而，小感动一个人的世界同样很幸福，懂得感恩，懂得知足，没有伴侣的日子，一样过得完美自在。</span><br style=\"border: 0px; margin: 0px; padding: 0px; color: rgb(51, 51, 51); font-family: 宋体; font-size: 14px; line-height: 27px; white-space: normal; widows: auto;\"/><span style=\"color: rgb(51, 51, 51); font-family: 宋体; font-size: 14px; line-height: 27px; white-space: normal; widows: auto;\">　　</span><br style=\"border: 0px; margin: 0px; padding: 0px; color: rgb(51, 51, 51); font-family: 宋体; font-size: 14px; line-height: 27px; white-space: normal; widows: auto;\"/><span style=\"color: rgb(51, 51, 51); font-family: 宋体; font-size: 14px; line-height: 27px; white-space: normal; widows: auto;\">　　没错，即便没有爱情，我们一样可以有生活，而且生活得自在洒脱。</span><br style=\"border: 0px; margin: 0px; padding: 0px; color: rgb(51, 51, 51); font-family: 宋体; font-size: 14px; line-height: 27px; white-space: normal; widows: auto;\"/><span style=\"color: rgb(51, 51, 51); font-family: 宋体; font-size: 14px; line-height: 27px; white-space: normal; widows: auto;\">　　</span><br style=\"border: 0px; margin: 0px; padding: 0px; color: rgb(51, 51, 51); font-family: 宋体; font-size: 14px; line-height: 27px; white-space: normal; widows: auto;\"/><span style=\"color: rgb(51, 51, 51); font-family: 宋体; font-size: 14px; line-height: 27px; white-space: normal; widows: auto;\">　　幸福与爱情有关，但绝不是爱情的专属。无爱的生活，一样还有更多的东西，值得我们体验和感悟。</span><br style=\"border: 0px; margin: 0px; padding: 0px; color: rgb(51, 51, 51); font-family: 宋体; font-size: 14px; line-height: 27px; white-space: normal; widows: auto;\"/><span style=\"color: rgb(51, 51, 51); font-family: 宋体; font-size: 14px; line-height: 27px; white-space: normal; widows: auto;\">　　</span><br style=\"border: 0px; margin: 0px; padding: 0px; color: rgb(51, 51, 51); font-family: 宋体; font-size: 14px; line-height: 27px; white-space: normal; widows: auto;\"/><span style=\"color: rgb(51, 51, 51); font-family: 宋体; font-size: 14px; line-height: 27px; white-space: normal; widows: auto;\">　　一个人在家，你可以下一部电影，吃喜欢的零食，找个最舒服姿势慢慢观看。</span><br style=\"border: 0px; margin: 0px; padding: 0px; color: rgb(51, 51, 51); font-family: 宋体; font-size: 14px; line-height: 27px; white-space: normal; widows: auto;\"/><span style=\"color: rgb(51, 51, 51); font-family: 宋体; font-size: 14px; line-height: 27px; white-space: normal; widows: auto;\">　　</span><br style=\"border: 0px; margin: 0px; padding: 0px; color: rgb(51, 51, 51); font-family: 宋体; font-size: 14px; line-height: 27px; white-space: normal; widows: auto;\"/><span style=\"color: rgb(51, 51, 51); font-family: 宋体; font-size: 14px; line-height: 27px; white-space: normal; widows: auto;\">　　周末的时候，你不用早起，去规定的地点见面，为对方喜欢的样子去梳妆打扮。</span><br style=\"border: 0px; margin: 0px; padding: 0px; color: rgb(51, 51, 51); font-family: 宋体; font-size: 14px; line-height: 27px; white-space: normal; widows: auto;\"/><span style=\"color: rgb(51, 51, 51); font-family: 宋体; font-size: 14px; line-height: 27px; white-space: normal; widows: auto;\">　　</span><br style=\"border: 0px; margin: 0px; padding: 0px; color: rgb(51, 51, 51); font-family: 宋体; font-size: 14px; line-height: 27px; white-space: normal; widows: auto;\"/><span style=\"color: rgb(51, 51, 51); font-family: 宋体; font-size: 14px; line-height: 27px; white-space: normal; widows: auto;\">　　睡觉时，你不必在意睡姿，起床后，你也不必在意散乱的头发。</span><br style=\"border: 0px; margin: 0px; padding: 0px; color: rgb(51, 51, 51); font-family: 宋体; font-size: 14px; line-height: 27px; white-space: normal; widows: auto;\"/><span style=\"color: rgb(51, 51, 51); font-family: 宋体; font-size: 14px; line-height: 27px; white-space: normal; widows: auto;\">　　</span><br style=\"border: 0px; margin: 0px; padding: 0px; color: rgb(51, 51, 51); font-family: 宋体; font-size: 14px; line-height: 27px; white-space: normal; widows: auto;\"/><span style=\"color: rgb(51, 51, 51); font-family: 宋体; font-size: 14px; line-height: 27px; white-space: normal; widows: auto;\">　　放心好了，未来的恋人绝不知道你现在有多狼狈难堪。</span><br style=\"border: 0px; margin: 0px; padding: 0px; color: rgb(51, 51, 51); font-family: 宋体; font-size: 14px; line-height: 27px; white-space: normal; widows: auto;\"/><span style=\"color: rgb(51, 51, 51); font-family: 宋体; font-size: 14px; line-height: 27px; white-space: normal; widows: auto;\">　　</span><br style=\"border: 0px; margin: 0px; padding: 0px; color: rgb(51, 51, 51); font-family: 宋体; font-size: 14px; line-height: 27px; white-space: normal; widows: auto;\"/><span style=\"color: rgb(51, 51, 51); font-family: 宋体; font-size: 14px; line-height: 27px; white-space: normal; widows: auto;\">　　去一个新环境学习或工作的时候，不要把自己孤立起来，觉得别人都不懂你。</span><br style=\"border: 0px; margin: 0px; padding: 0px; color: rgb(51, 51, 51); font-family: 宋体; font-size: 14px; line-height: 27px; white-space: normal; widows: auto;\"/><span style=\"color: rgb(51, 51, 51); font-family: 宋体; font-size: 14px; line-height: 27px; white-space: normal; widows: auto;\">　　</span><br style=\"border: 0px; margin: 0px; padding: 0px; color: rgb(51, 51, 51); font-family: 宋体; font-size: 14px; line-height: 27px; white-space: normal; widows: auto;\"/><span style=\"color: rgb(51, 51, 51); font-family: 宋体; font-size: 14px; line-height: 27px; white-space: normal; widows: auto;\">　　想要得到别人的理解，就必须先与别人分享自己的感受。把痛苦分享出去，他们才能够给你安慰、建议和拥抱，不至于让伤感一直积压在心中，始终无法宣泄。</span><br style=\"border: 0px; margin: 0px; padding: 0px; color: rgb(51, 51, 51); font-family: 宋体; font-size: 14px; line-height: 27px; white-space: normal; widows: auto;\"/><span style=\"color: rgb(51, 51, 51); font-family: 宋体; font-size: 14px; line-height: 27px; white-space: normal; widows: auto;\">　　</span><br style=\"border: 0px; margin: 0px; padding: 0px; color: rgb(51, 51, 51); font-family: 宋体; font-size: 14px; line-height: 27px; white-space: normal; widows: auto;\"/><span style=\"color: rgb(51, 51, 51); font-family: 宋体; font-size: 14px; line-height: 27px; white-space: normal; widows: auto;\">　　遭受委屈、挫折，不要一直憋在心里，整日闷闷不乐。</span><br style=\"border: 0px; margin: 0px; padding: 0px; color: rgb(51, 51, 51); font-family: 宋体; font-size: 14px; line-height: 27px; white-space: normal; widows: auto;\"/><span style=\"color: rgb(51, 51, 51); font-family: 宋体; font-size: 14px; line-height: 27px; white-space: normal; widows: auto;\">　　</span><br style=\"border: 0px; margin: 0px; padding: 0px; color: rgb(51, 51, 51); font-family: 宋体; font-size: 14px; line-height: 27px; white-space: normal; widows: auto;\"/><span style=\"color: rgb(51, 51, 51); font-family: 宋体; font-size: 14px; line-height: 27px; white-space: normal; widows: auto;\">　　明知道没人安慰没人陪，何不主动去找一个值得信赖、会安慰人的闺蜜，向她倾诉你的不幸？或者干脆大哭一场，把所有坏情绪统统发泄出来，之后洗个澡，睡个好觉，明天重新来过。</span><br style=\"border: 0px; margin: 0px; padding: 0px; color: rgb(51, 51, 51); font-family: 宋体; font-size: 14px; line-height: 27px; white-space: normal; widows: auto;\"/><span style=\"color: rgb(51, 51, 51); font-family: 宋体; font-size: 14px; line-height: 27px; white-space: normal; widows: auto;\">　　</span><br style=\"border: 0px; margin: 0px; padding: 0px; color: rgb(51, 51, 51); font-family: 宋体; font-size: 14px; line-height: 27px; white-space: normal; widows: auto;\"/><span style=\"color: rgb(51, 51, 51); font-family: 宋体; font-size: 14px; line-height: 27px; white-space: normal; widows: auto;\">　　想明白就好了，其实恋爱中的人，未必有你看到的那样甜蜜。</span><br style=\"border: 0px; margin: 0px; padding: 0px; color: rgb(51, 51, 51); font-family: 宋体; font-size: 14px; line-height: 27px; white-space: normal; widows: auto;\"/><span style=\"color: rgb(51, 51, 51); font-family: 宋体; font-size: 14px; line-height: 27px; white-space: normal; widows: auto;\">　　</span><br style=\"border: 0px; margin: 0px; padding: 0px; color: rgb(51, 51, 51); font-family: 宋体; font-size: 14px; line-height: 27px; white-space: normal; widows: auto;\"/><span style=\"color: rgb(51, 51, 51); font-family: 宋体; font-size: 14px; line-height: 27px; white-space: normal; widows: auto;\">　　你只看得到热吻，却看不到争吵；看得到拥抱，却看不到别离；看得到结局，却看不到过程。</span><br style=\"border: 0px; margin: 0px; padding: 0px; color: rgb(51, 51, 51); font-family: 宋体; font-size: 14px; line-height: 27px; white-space: normal; widows: auto;\"/><span style=\"color: rgb(51, 51, 51); font-family: 宋体; font-size: 14px; line-height: 27px; white-space: normal; widows: auto;\">　　</span><br style=\"border: 0px; margin: 0px; padding: 0px; color: rgb(51, 51, 51); font-family: 宋体; font-size: 14px; line-height: 27px; white-space: normal; widows: auto;\"/><span style=\"color: rgb(51, 51, 51); font-family: 宋体; font-size: 14px; line-height: 27px; white-space: normal; widows: auto;\">　　不是每个恋爱中的人都能收获甜美的爱情，也不是每个收获甜美爱情的人都一路顺风。当你妒忌羡慕别人恋爱的时候，他们兴许还在羡慕着你。</span><br style=\"border: 0px; margin: 0px; padding: 0px; color: rgb(51, 51, 51); font-family: 宋体; font-size: 14px; line-height: 27px; white-space: normal; widows: auto;\"/><span style=\"color: rgb(51, 51, 51); font-family: 宋体; font-size: 14px; line-height: 27px; white-space: normal; widows: auto;\">　　</span><br style=\"border: 0px; margin: 0px; padding: 0px; color: rgb(51, 51, 51); font-family: 宋体; font-size: 14px; line-height: 27px; white-space: normal; widows: auto;\"/><span style=\"color: rgb(51, 51, 51); font-family: 宋体; font-size: 14px; line-height: 27px; white-space: normal; widows: auto;\">　　既然现在得不到爱情，便不如试着接受单身的生活，从自己的拥有中获得幸福。</span><br style=\"border: 0px; margin: 0px; padding: 0px; color: rgb(51, 51, 51); font-family: 宋体; font-size: 14px; line-height: 27px; white-space: normal; widows: auto;\"/><span style=\"color: rgb(51, 51, 51); font-family: 宋体; font-size: 14px; line-height: 27px; white-space: normal; widows: auto;\">　　</span><br style=\"border: 0px; margin: 0px; padding: 0px; color: rgb(51, 51, 51); font-family: 宋体; font-size: 14px; line-height: 27px; white-space: normal; widows: auto;\"/><span style=\"color: rgb(51, 51, 51); font-family: 宋体; font-size: 14px; line-height: 27px; white-space: normal; widows: auto;\">　　幸福的人，常常懂得感恩的艺术：对自己拥有的一切都很知足，不羡慕和嫉妒那些他们不及的生活，也不盲目去追求。</span><br style=\"border: 0px; margin: 0px; padding: 0px; color: rgb(51, 51, 51); font-family: 宋体; font-size: 14px; line-height: 27px; white-space: normal; widows: auto;\"/><span style=\"color: rgb(51, 51, 51); font-family: 宋体; font-size: 14px; line-height: 27px; white-space: normal; widows: auto;\">　　</span><br style=\"border: 0px; margin: 0px; padding: 0px; color: rgb(51, 51, 51); font-family: 宋体; font-size: 14px; line-height: 27px; white-space: normal; widows: auto;\"/><span style=\"color: rgb(51, 51, 51); font-family: 宋体; font-size: 14px; line-height: 27px; white-space: normal; widows: auto;\">　　一个人的幸福感，往往都不是被致命的失败扼杀的，而是被一些反复出现的小事情渐渐分解掉的。</span><br style=\"border: 0px; margin: 0px; padding: 0px; color: rgb(51, 51, 51); font-family: 宋体; font-size: 14px; line-height: 27px; white-space: normal; widows: auto;\"/><span style=\"color: rgb(51, 51, 51); font-family: 宋体; font-size: 14px; line-height: 27px; white-space: normal; widows: auto;\">　　</span><br style=\"border: 0px; margin: 0px; padding: 0px; color: rgb(51, 51, 51); font-family: 宋体; font-size: 14px; line-height: 27px; white-space: normal; widows: auto;\"/><span style=\"color: rgb(51, 51, 51); font-family: 宋体; font-size: 14px; line-height: 27px; white-space: normal; widows: auto;\">　　通常毁了我们生活的，不是那些大痛苦，而是一些小伤感。</span><br style=\"border: 0px; margin: 0px; padding: 0px; color: rgb(51, 51, 51); font-family: 宋体; font-size: 14px; line-height: 27px; white-space: normal; widows: auto;\"/><span style=\"color: rgb(51, 51, 51); font-family: 宋体; font-size: 14px; line-height: 27px; white-space: normal; widows: auto;\">　　</span><br style=\"border: 0px; margin: 0px; padding: 0px; color: rgb(51, 51, 51); font-family: 宋体; font-size: 14px; line-height: 27px; white-space: normal; widows: auto;\"/><span style=\"color: rgb(51, 51, 51); font-family: 宋体; font-size: 14px; line-height: 27px; white-space: normal; widows: auto;\">　　人，切不可一路成长，一路悲伤。</span></p>', null, '2015-08-25 15:44:09', 'colin', '深啡网', 'vregrt', '0', '分为');
INSERT INTO `homework_aticle` VALUES ('e89fb29a-4701-472c-ba83-97823c195b7f', '0,0', '<p><span style=\"color: rgb(51, 51, 51); font-family: Verdana, Arial, Tahoma; font-size: 14px; line-height: 25px; white-space: normal; widows: auto; background-color: rgb(249, 255, 255);\">（一）有种美丽的遗憾叫错过&nbsp;</span><br style=\"padding: 0px; margin: 0px; color: rgb(51, 51, 51); font-family: Verdana, Arial, Tahoma; font-size: 14px; line-height: 25px; white-space: normal; widows: auto;\"/><span style=\"color: rgb(51, 51, 51); font-family: Verdana, Arial, Tahoma; font-size: 14px; line-height: 25px; white-space: normal; widows: auto; background-color: rgb(249, 255, 255);\">&nbsp;&nbsp;&nbsp;&nbsp;&nbsp;错落有致的教学楼、幽静的林荫小道、活力四射的啦啦队、娴熟又略带耍酷的球技、激情高亢的呐喊声，校园的一切都洋溢着浓浓的青春气息。课余时间，你喜欢打球，我喜欢看球，偏偏巧合的是我俩的焦点都在同一个球场，但我从来没注意到你，你也不知道每天傍晚有个女生在看球。高一，你在隔壁班。每天你我都从彼此的教室经过，甚至经常到彼此教室找过同学，愣是不记得隔壁班有过彼此的存在。就这样，仅一墙之隔的我们错过了一年。高二，你在新校区，而我在老校区。偏偏我经常去新校区找同学，你经常来老校区打球，我们多次往返于同一条校道上，或许我们曾迎面走过，或许曾擦肩而过，却连彼此的侧脸都没印象，甚至是一个模糊的身影。于是在众多的清一色的人群中又错过了一年。高三，你就住在我教室附近的教职工宿舍。经常穿梭在同一条校道，经常去同一个食堂，年级开会时我俩班级经常坐在一起，周末最爱去的同一家快餐店......同一个地点、同一个时间，我们还是赶不上或来不及看对方一眼，于是在以忙碌的备考为主旋律的高三又错过了一年。缘分真的很奇妙，在拥有那么多的“相同点”“巧合点”的基础上，让人感觉彼此的距离是那么的近却又是那么的远。于是在我们的高中时光里，缘分这位爱情导演没有安排我们出演天真烂漫、青涩的校园爱情戏份。</span><br style=\"padding: 0px; margin: 0px; color: rgb(51, 51, 51); font-family: Verdana, Arial, Tahoma; font-size: 14px; line-height: 25px; white-space: normal; widows: auto;\"/><span style=\"color: rgb(51, 51, 51); font-family: Verdana, Arial, Tahoma; font-size: 14px; line-height: 25px; white-space: normal; widows: auto; background-color: rgb(249, 255, 255);\">&nbsp;</span><br style=\"padding: 0px; margin: 0px; color: rgb(51, 51, 51); font-family: Verdana, Arial, Tahoma; font-size: 14px; line-height: 25px; white-space: normal; widows: auto;\"/><span style=\"color: rgb(51, 51, 51); font-family: Verdana, Arial, Tahoma; font-size: 14px; line-height: 25px; white-space: normal; widows: auto; background-color: rgb(249, 255, 255);\">&nbsp;&nbsp;&nbsp;&nbsp;&nbsp;&nbsp;&nbsp;&nbsp;&nbsp;&nbsp;&nbsp;&nbsp;&nbsp;&nbsp;&nbsp;&nbsp;&nbsp;&nbsp;&nbsp;&nbsp;&nbsp;&nbsp;&nbsp;&nbsp;&nbsp;&nbsp;&nbsp;&nbsp;&nbsp;&nbsp;&nbsp;&nbsp;&nbsp;&nbsp;&nbsp;&nbsp; &nbsp;&nbsp; &nbsp;&nbsp;&nbsp;&nbsp;（二）美丽的错过只为合适的相遇</span><br style=\"padding: 0px; margin: 0px; color: rgb(51, 51, 51); font-family: Verdana, Arial, Tahoma; font-size: 14px; line-height: 25px; white-space: normal; widows: auto;\"/><span style=\"color: rgb(51, 51, 51); font-family: Verdana, Arial, Tahoma; font-size: 14px; line-height: 25px; white-space: normal; widows: auto; background-color: rgb(249, 255, 255);\">&nbsp;&nbsp;&nbsp;&nbsp;&nbsp;陌生的城市、陌生的环境、陌生的面孔，刚开始的大学生活里一切都是陌生的，终于理解“老乡”这个词的真正含义和其所带来的温暖。缘分依旧在我俩中间牵线，你是老乡农家乐的负责人，而我不顾你热情的邀请委婉推辞，只为睡个慵懒的午觉。不过最终还是你赢了，经不住你的软磨硬泡还是去了。于是，在有着熟悉的口音和熟悉的饮食习惯的农家乐上我们终于“正式见面”了！说实话见到你第一个本能的感觉就是“哦，原来给我打电话的人长这样。”后来，你在厨房忙碌，我在唱歌；你在和其他老乡聊天，我在唱歌；你在吃饺子，我还在唱歌。你忍不住说话了！我们第一次正面对话就这么诞生了！你脸上满是笑意地说：“再唱再唱没啥吃的啦！”“没有就不吃啦！”我回应着。于是在你诚恳的邀请下，我就很开心地加入了包饺子、吃饺子的队伍。后来你告诉我：“把你带到大伙中去是为了在光线好、人多的时候偷偷给你拍张照。”农家乐接近尾声，学长送我们几个回去，简单的打招呼后我们就结束了第一次的“正式见面”。后来你告诉我当时很想把光荣的“护花”任务揽到自己身上，却没有足够的勇气和充足的理由。缘分安排的错过并不是再也不见，而是安排两人在合适的时间、合适的地点来一场合适的相遇。</span><br style=\"padding: 0px; margin: 0px; color: rgb(51, 51, 51); font-family: Verdana, Arial, Tahoma; font-size: 14px; line-height: 25px; white-space: normal; widows: auto;\"/><span style=\"color: rgb(51, 51, 51); font-family: Verdana, Arial, Tahoma; font-size: 14px; line-height: 25px; white-space: normal; widows: auto; background-color: rgb(249, 255, 255);\">&nbsp;&nbsp;&nbsp;&nbsp;&nbsp;</span><br style=\"padding: 0px; margin: 0px; color: rgb(51, 51, 51); font-family: Verdana, Arial, Tahoma; font-size: 14px; line-height: 25px; white-space: normal; widows: auto;\"/><span style=\"color: rgb(51, 51, 51); font-family: Verdana, Arial, Tahoma; font-size: 14px; line-height: 25px; white-space: normal; widows: auto; background-color: rgb(249, 255, 255);\">&nbsp;&nbsp;&nbsp;&nbsp;&nbsp;&nbsp;&nbsp;&nbsp;&nbsp;&nbsp;&nbsp;&nbsp;&nbsp;&nbsp;&nbsp;&nbsp;&nbsp;&nbsp;&nbsp;&nbsp;&nbsp;&nbsp;&nbsp;&nbsp;&nbsp;&nbsp;&nbsp;&nbsp;&nbsp;&nbsp;&nbsp;&nbsp;&nbsp;&nbsp;&nbsp;&nbsp;&nbsp;&nbsp;&nbsp;&nbsp;&nbsp;&nbsp;&nbsp;&nbsp;&nbsp; （三）相知.相恋.相伴</span><br style=\"padding: 0px; margin: 0px; color: rgb(51, 51, 51); font-family: Verdana, Arial, Tahoma; font-size: 14px; line-height: 25px; white-space: normal; widows: auto;\"/><span style=\"color: rgb(51, 51, 51); font-family: Verdana, Arial, Tahoma; font-size: 14px; line-height: 25px; white-space: normal; widows: auto; background-color: rgb(249, 255, 255);\">&nbsp;&nbsp;&nbsp;&nbsp;&nbsp;那段时间总能听到舍友大喊“你那爱唠嗑的老乡又来电话啦”，起床、课前、课间、饭前、饭后、睡前都会有你的电话，手机上未接来电和已接来电最多的是你的号码，后来你告诉我，每次的电话里你都在拼命找话题，只为了能和我多说会话。你总是跟我讲各种笑话，总是变着法子逗我开心，总是细心记住我的小习惯、爱好，总是关心我生活的点点滴滴。两颗心慢慢敞开，让对方住进来，于是校园里多了一对幸福的小情侣。你住琴湖，我住北苑，一南一北，学校流行一句话：“琴湖和北苑的恋爱都是异地恋”，而你总是“不辞劳苦”“长途跋涉”给我送来亲手熬的汤，因为你知道我想念家里的味道；我生病了，你总是很自责内疚，因为你觉得是你没把我照顾好；你总是包容我的小脾气、任性，因为你说过女生是用来呵护的。你总是等我下课后把我送回宿舍；你总是牺牲你的周末时间陪我去上课，尽管你不喜欢课程；你总是陪我吃我想吃的东西，尽管有时你不爱吃；你总是陪我大老远的来陪我散步或上晚自习，尽管有时你很累。爱情不是大学的必修课，但缘分安排我俩选修这门课，让我们的大学生活画册上增添绚丽的一笔。</span><br style=\"padding: 0px; margin: 0px; color: rgb(51, 51, 51); font-family: Verdana, Arial, Tahoma; font-size: 14px; line-height: 25px; white-space: normal; widows: auto;\"/><span style=\"color: rgb(51, 51, 51); font-family: Verdana, Arial, Tahoma; font-size: 14px; line-height: 25px; white-space: normal; widows: auto; background-color: rgb(249, 255, 255);\">&nbsp;&nbsp;&nbsp; 很多人说：“时间会让爱情慢慢变淡、变得越随便”，但其实不然。爱情就像一杯茶，慢慢品尝，方能闻出其中的芬芳、清香。我俩走过这几年，不是变淡，反而对彼此的依赖更深，爱得更深。我们相互理解，相互支持，相互照顾，一起为我们想要的未来努力着。</span><br style=\"padding: 0px; margin: 0px; color: rgb(51, 51, 51); font-family: Verdana, Arial, Tahoma; font-size: 14px; line-height: 25px; white-space: normal; widows: auto;\"/><span style=\"color: rgb(51, 51, 51); font-family: Verdana, Arial, Tahoma; font-size: 14px; line-height: 25px; white-space: normal; widows: auto; background-color: rgb(249, 255, 255);\">&nbsp;&nbsp;&nbsp; 缘分缘分，有缘有分，很幸运我俩一直都在路上。无论剧情怎么变换，缘分这位导演总会让有情人终成眷属。</span></p>', null, '2015-08-25 15:36:11', 'colin', ' 缘分就像是一部爱情电影的导演，本可以安排两人在某个浪漫情境中幸福相遇，却偏偏设计留下巧合又高傲的转身，擦肩错过的画面；本可以安排两人来一场无忧无虑、甜蜜的热恋，却偏偏设计“当现实不给爱情让路”时心塞无奈的桥段；本可以安排两人开始“从此王子与公主过上幸福生活”童话般的旅程，却偏偏设计小家庭里因柴米油盐而起的矛盾、吵吵闹闹的情景。但爱情何尝不是这样的呢？冥冥之中让人遗憾又让人看到些许期待与希望，酸中带甜，苦中作乐。不得不说，缘分真的是非常奇妙。一边看着别人的故事，体会别人爱情里的心酸、甜蜜和幸福，一边回忆和感悟自己的爱情。', '错过.相遇.相恋', '0', 'html5');
INSERT INTO `homework_aticle` VALUES ('f9136134-e0a1-4002-8b57-c440cbac06f8', '0,0', '<p><span style=\"color: rgb(51, 51, 51); font-family: 宋体; font-size: 14px; line-height: 27px; white-space: normal; widows: auto;\">有两枚尚未恋爱的“单身狗”，一个叫小伤感，一个叫小感动。</span><br style=\"border: 0px; margin: 0px; padding: 0px; color: rgb(51, 51, 51); font-family: 宋体; font-size: 14px; line-height: 27px; white-space: normal; widows: auto;\"/><span style=\"color: rgb(51, 51, 51); font-family: 宋体; font-size: 14px; line-height: 27px; white-space: normal; widows: auto;\">　　</span><br style=\"border: 0px; margin: 0px; padding: 0px; color: rgb(51, 51, 51); font-family: 宋体; font-size: 14px; line-height: 27px; white-space: normal; widows: auto;\"/><span style=\"color: rgb(51, 51, 51); font-family: 宋体; font-size: 14px; line-height: 27px; white-space: normal; widows: auto;\">　　小伤感看见恋人坐在长椅上热吻，她会觉得落单，听到闺蜜们说出来的甜蜜，她也羡慕嫉妒。</span><br style=\"border: 0px; margin: 0px; padding: 0px; color: rgb(51, 51, 51); font-family: 宋体; font-size: 14px; line-height: 27px; white-space: normal; widows: auto;\"/><span style=\"color: rgb(51, 51, 51); font-family: 宋体; font-size: 14px; line-height: 27px; white-space: normal; widows: auto;\">　　</span><br style=\"border: 0px; margin: 0px; padding: 0px; color: rgb(51, 51, 51); font-family: 宋体; font-size: 14px; line-height: 27px; white-space: normal; widows: auto;\"/><span style=\"color: rgb(51, 51, 51); font-family: 宋体; font-size: 14px; line-height: 27px; white-space: normal; widows: auto;\">　　看见悲伤的故事，她不自觉地联想到自己：万一遇见这样的臭男人，我该怎么办？</span><br style=\"border: 0px; margin: 0px; padding: 0px; color: rgb(51, 51, 51); font-family: 宋体; font-size: 14px; line-height: 27px; white-space: normal; widows: auto;\"/><span style=\"color: rgb(51, 51, 51); font-family: 宋体; font-size: 14px; line-height: 27px; white-space: normal; widows: auto;\">　　</span><br style=\"border: 0px; margin: 0px; padding: 0px; color: rgb(51, 51, 51); font-family: 宋体; font-size: 14px; line-height: 27px; white-space: normal; widows: auto;\"/><span style=\"color: rgb(51, 51, 51); font-family: 宋体; font-size: 14px; line-height: 27px; white-space: normal; widows: auto;\">　　每逢各种情人有关的节日，遇见电影里的圆满结局，她也倍感落寞：幸福是他们的，我什么也没有。</span><br style=\"border: 0px; margin: 0px; padding: 0px; color: rgb(51, 51, 51); font-family: 宋体; font-size: 14px; line-height: 27px; white-space: normal; widows: auto;\"/><span style=\"color: rgb(51, 51, 51); font-family: 宋体; font-size: 14px; line-height: 27px; white-space: normal; widows: auto;\">　　</span><br style=\"border: 0px; margin: 0px; padding: 0px; color: rgb(51, 51, 51); font-family: 宋体; font-size: 14px; line-height: 27px; white-space: normal; widows: auto;\"/><span style=\"color: rgb(51, 51, 51); font-family: 宋体; font-size: 14px; line-height: 27px; white-space: normal; widows: auto;\">　　然而，小感动常常不是这样。</span><br style=\"border: 0px; margin: 0px; padding: 0px; color: rgb(51, 51, 51); font-family: 宋体; font-size: 14px; line-height: 27px; white-space: normal; widows: auto;\"/><span style=\"color: rgb(51, 51, 51); font-family: 宋体; font-size: 14px; line-height: 27px; white-space: normal; widows: auto;\">　　</span><br style=\"border: 0px; margin: 0px; padding: 0px; color: rgb(51, 51, 51); font-family: 宋体; font-size: 14px; line-height: 27px; white-space: normal; widows: auto;\"/><span style=\"color: rgb(51, 51, 51); font-family: 宋体; font-size: 14px; line-height: 27px; white-space: normal; widows: auto;\">　　看到恋人成双成对，她心里感到幸福，坚信自己到时定能同他们一样。</span><br style=\"border: 0px; margin: 0px; padding: 0px; color: rgb(51, 51, 51); font-family: 宋体; font-size: 14px; line-height: 27px; white-space: normal; widows: auto;\"/><span style=\"color: rgb(51, 51, 51); font-family: 宋体; font-size: 14px; line-height: 27px; white-space: normal; widows: auto;\">　　</span><br style=\"border: 0px; margin: 0px; padding: 0px; color: rgb(51, 51, 51); font-family: 宋体; font-size: 14px; line-height: 27px; white-space: normal; widows: auto;\"/><span style=\"color: rgb(51, 51, 51); font-family: 宋体; font-size: 14px; line-height: 27px; white-space: normal; widows: auto;\">　　当朋友诉说甜美的生活之后，她也分享自己的快乐，因为无爱的生活，同样被她过得有声有色。</span><br style=\"border: 0px; margin: 0px; padding: 0px; color: rgb(51, 51, 51); font-family: 宋体; font-size: 14px; line-height: 27px; white-space: normal; widows: auto;\"/><span style=\"color: rgb(51, 51, 51); font-family: 宋体; font-size: 14px; line-height: 27px; white-space: normal; widows: auto;\">　　</span><br style=\"border: 0px; margin: 0px; padding: 0px; color: rgb(51, 51, 51); font-family: 宋体; font-size: 14px; line-height: 27px; white-space: normal; widows: auto;\"/><span style=\"color: rgb(51, 51, 51); font-family: 宋体; font-size: 14px; line-height: 27px; white-space: normal; widows: auto;\">　　偶然碰到悲伤的故事，她会安慰自己，不是所有爱情都要经历坎坷才得以成全；若是结局完美，她也跟着流泪，但流下的泪水不是寂寞，而是感动。</span><br style=\"border: 0px; margin: 0px; padding: 0px; color: rgb(51, 51, 51); font-family: 宋体; font-size: 14px; line-height: 27px; white-space: normal; widows: auto;\"/><span style=\"color: rgb(51, 51, 51); font-family: 宋体; font-size: 14px; line-height: 27px; white-space: normal; widows: auto;\">　　</span><br style=\"border: 0px; margin: 0px; padding: 0px; color: rgb(51, 51, 51); font-family: 宋体; font-size: 14px; line-height: 27px; white-space: normal; widows: auto;\"/><span style=\"color: rgb(51, 51, 51); font-family: 宋体; font-size: 14px; line-height: 27px; white-space: normal; widows: auto;\">　　就这样，小伤感愈发伤感，与朋友玩耍的时候不痛快，与家人团聚的时候不开心，独自一人的时候，心中的失落感愈发明显。</span><br style=\"border: 0px; margin: 0px; padding: 0px; color: rgb(51, 51, 51); font-family: 宋体; font-size: 14px; line-height: 27px; white-space: normal; widows: auto;\"/><span style=\"color: rgb(51, 51, 51); font-family: 宋体; font-size: 14px; line-height: 27px; white-space: normal; widows: auto;\">　　</span><br style=\"border: 0px; margin: 0px; padding: 0px; color: rgb(51, 51, 51); font-family: 宋体; font-size: 14px; line-height: 27px; white-space: normal; widows: auto;\"/><span style=\"color: rgb(51, 51, 51); font-family: 宋体; font-size: 14px; line-height: 27px; white-space: normal; widows: auto;\">　　然而，小感动一个人的世界同样很幸福，懂得感恩，懂得知足，没有伴侣的日子，一样过得完美自在。</span><br style=\"border: 0px; margin: 0px; padding: 0px; color: rgb(51, 51, 51); font-family: 宋体; font-size: 14px; line-height: 27px; white-space: normal; widows: auto;\"/><span style=\"color: rgb(51, 51, 51); font-family: 宋体; font-size: 14px; line-height: 27px; white-space: normal; widows: auto;\">　　</span><br style=\"border: 0px; margin: 0px; padding: 0px; color: rgb(51, 51, 51); font-family: 宋体; font-size: 14px; line-height: 27px; white-space: normal; widows: auto;\"/><span style=\"color: rgb(51, 51, 51); font-family: 宋体; font-size: 14px; line-height: 27px; white-space: normal; widows: auto;\">　　没错，即便没有爱情，我们一样可以有生活，而且生活得自在洒脱。</span><br style=\"border: 0px; margin: 0px; padding: 0px; color: rgb(51, 51, 51); font-family: 宋体; font-size: 14px; line-height: 27px; white-space: normal; widows: auto;\"/><span style=\"color: rgb(51, 51, 51); font-family: 宋体; font-size: 14px; line-height: 27px; white-space: normal; widows: auto;\">　　</span><br style=\"border: 0px; margin: 0px; padding: 0px; color: rgb(51, 51, 51); font-family: 宋体; font-size: 14px; line-height: 27px; white-space: normal; widows: auto;\"/><span style=\"color: rgb(51, 51, 51); font-family: 宋体; font-size: 14px; line-height: 27px; white-space: normal; widows: auto;\">　　幸福与爱情有关，但绝不是爱情的专属。无爱的生活，一样还有更多的东西，值得我们体验和感悟。</span><br style=\"border: 0px; margin: 0px; padding: 0px; color: rgb(51, 51, 51); font-family: 宋体; font-size: 14px; line-height: 27px; white-space: normal; widows: auto;\"/><span style=\"color: rgb(51, 51, 51); font-family: 宋体; font-size: 14px; line-height: 27px; white-space: normal; widows: auto;\">　　</span><br style=\"border: 0px; margin: 0px; padding: 0px; color: rgb(51, 51, 51); font-family: 宋体; font-size: 14px; line-height: 27px; white-space: normal; widows: auto;\"/><span style=\"color: rgb(51, 51, 51); font-family: 宋体; font-size: 14px; line-height: 27px; white-space: normal; widows: auto;\">　　一个人在家，你可以下一部电影，吃喜欢的零食，找个最舒服姿势慢慢观看。</span><br style=\"border: 0px; margin: 0px; padding: 0px; color: rgb(51, 51, 51); font-family: 宋体; font-size: 14px; line-height: 27px; white-space: normal; widows: auto;\"/><span style=\"color: rgb(51, 51, 51); font-family: 宋体; font-size: 14px; line-height: 27px; white-space: normal; widows: auto;\">　　</span><br style=\"border: 0px; margin: 0px; padding: 0px; color: rgb(51, 51, 51); font-family: 宋体; font-size: 14px; line-height: 27px; white-space: normal; widows: auto;\"/><span style=\"color: rgb(51, 51, 51); font-family: 宋体; font-size: 14px; line-height: 27px; white-space: normal; widows: auto;\">　　周末的时候，你不用早起，去规定的地点见面，为对方喜欢的样子去梳妆打扮。</span><br style=\"border: 0px; margin: 0px; padding: 0px; color: rgb(51, 51, 51); font-family: 宋体; font-size: 14px; line-height: 27px; white-space: normal; widows: auto;\"/><span style=\"color: rgb(51, 51, 51); font-family: 宋体; font-size: 14px; line-height: 27px; white-space: normal; widows: auto;\">　　</span><br style=\"border: 0px; margin: 0px; padding: 0px; color: rgb(51, 51, 51); font-family: 宋体; font-size: 14px; line-height: 27px; white-space: normal; widows: auto;\"/><span style=\"color: rgb(51, 51, 51); font-family: 宋体; font-size: 14px; line-height: 27px; white-space: normal; widows: auto;\">　　睡觉时，你不必在意睡姿，起床后，你也不必在意散乱的头发。</span><br style=\"border: 0px; margin: 0px; padding: 0px; color: rgb(51, 51, 51); font-family: 宋体; font-size: 14px; line-height: 27px; white-space: normal; widows: auto;\"/><span style=\"color: rgb(51, 51, 51); font-family: 宋体; font-size: 14px; line-height: 27px; white-space: normal; widows: auto;\">　　</span><br style=\"border: 0px; margin: 0px; padding: 0px; color: rgb(51, 51, 51); font-family: 宋体; font-size: 14px; line-height: 27px; white-space: normal; widows: auto;\"/><span style=\"color: rgb(51, 51, 51); font-family: 宋体; font-size: 14px; line-height: 27px; white-space: normal; widows: auto;\">　　放心好了，未来的恋人绝不知道你现在有多狼狈难堪。</span><br style=\"border: 0px; margin: 0px; padding: 0px; color: rgb(51, 51, 51); font-family: 宋体; font-size: 14px; line-height: 27px; white-space: normal; widows: auto;\"/><span style=\"color: rgb(51, 51, 51); font-family: 宋体; font-size: 14px; line-height: 27px; white-space: normal; widows: auto;\">　　</span><br style=\"border: 0px; margin: 0px; padding: 0px; color: rgb(51, 51, 51); font-family: 宋体; font-size: 14px; line-height: 27px; white-space: normal; widows: auto;\"/><span style=\"color: rgb(51, 51, 51); font-family: 宋体; font-size: 14px; line-height: 27px; white-space: normal; widows: auto;\">　　去一个新环境学习或工作的时候，不要把自己孤立起来，觉得别人都不懂你。</span><br style=\"border: 0px; margin: 0px; padding: 0px; color: rgb(51, 51, 51); font-family: 宋体; font-size: 14px; line-height: 27px; white-space: normal; widows: auto;\"/><span style=\"color: rgb(51, 51, 51); font-family: 宋体; font-size: 14px; line-height: 27px; white-space: normal; widows: auto;\">　　</span><br style=\"border: 0px; margin: 0px; padding: 0px; color: rgb(51, 51, 51); font-family: 宋体; font-size: 14px; line-height: 27px; white-space: normal; widows: auto;\"/><span style=\"color: rgb(51, 51, 51); font-family: 宋体; font-size: 14px; line-height: 27px; white-space: normal; widows: auto;\">　　想要得到别人的理解，就必须先与别人分享自己的感受。把痛苦分享出去，他们才能够给你安慰、建议和拥抱，不至于让伤感一直积压在心中，始终无法宣泄。</span><br style=\"border: 0px; margin: 0px; padding: 0px; color: rgb(51, 51, 51); font-family: 宋体; font-size: 14px; line-height: 27px; white-space: normal; widows: auto;\"/><span style=\"color: rgb(51, 51, 51); font-family: 宋体; font-size: 14px; line-height: 27px; white-space: normal; widows: auto;\">　　</span><br style=\"border: 0px; margin: 0px; padding: 0px; color: rgb(51, 51, 51); font-family: 宋体; font-size: 14px; line-height: 27px; white-space: normal; widows: auto;\"/><span style=\"color: rgb(51, 51, 51); font-family: 宋体; font-size: 14px; line-height: 27px; white-space: normal; widows: auto;\">　　遭受委屈、挫折，不要一直憋在心里，整日闷闷不乐。</span><br style=\"border: 0px; margin: 0px; padding: 0px; color: rgb(51, 51, 51); font-family: 宋体; font-size: 14px; line-height: 27px; white-space: normal; widows: auto;\"/><span style=\"color: rgb(51, 51, 51); font-family: 宋体; font-size: 14px; line-height: 27px; white-space: normal; widows: auto;\">　　</span><br style=\"border: 0px; margin: 0px; padding: 0px; color: rgb(51, 51, 51); font-family: 宋体; font-size: 14px; line-height: 27px; white-space: normal; widows: auto;\"/><span style=\"color: rgb(51, 51, 51); font-family: 宋体; font-size: 14px; line-height: 27px; white-space: normal; widows: auto;\">　　明知道没人安慰没人陪，何不主动去找一个值得信赖、会安慰人的闺蜜，向她倾诉你的不幸？或者干脆大哭一场，把所有坏情绪统统发泄出来，之后洗个澡，睡个好觉，明天重新来过。</span><br style=\"border: 0px; margin: 0px; padding: 0px; color: rgb(51, 51, 51); font-family: 宋体; font-size: 14px; line-height: 27px; white-space: normal; widows: auto;\"/><span style=\"color: rgb(51, 51, 51); font-family: 宋体; font-size: 14px; line-height: 27px; white-space: normal; widows: auto;\">　　</span><br style=\"border: 0px; margin: 0px; padding: 0px; color: rgb(51, 51, 51); font-family: 宋体; font-size: 14px; line-height: 27px; white-space: normal; widows: auto;\"/><span style=\"color: rgb(51, 51, 51); font-family: 宋体; font-size: 14px; line-height: 27px; white-space: normal; widows: auto;\">　　想明白就好了，其实恋爱中的人，未必有你看到的那样甜蜜。</span><br style=\"border: 0px; margin: 0px; padding: 0px; color: rgb(51, 51, 51); font-family: 宋体; font-size: 14px; line-height: 27px; white-space: normal; widows: auto;\"/><span style=\"color: rgb(51, 51, 51); font-family: 宋体; font-size: 14px; line-height: 27px; white-space: normal; widows: auto;\">　　</span><br style=\"border: 0px; margin: 0px; padding: 0px; color: rgb(51, 51, 51); font-family: 宋体; font-size: 14px; line-height: 27px; white-space: normal; widows: auto;\"/><span style=\"color: rgb(51, 51, 51); font-family: 宋体; font-size: 14px; line-height: 27px; white-space: normal; widows: auto;\">　　你只看得到热吻，却看不到争吵；看得到拥抱，却看不到别离；看得到结局，却看不到过程。</span><br style=\"border: 0px; margin: 0px; padding: 0px; color: rgb(51, 51, 51); font-family: 宋体; font-size: 14px; line-height: 27px; white-space: normal; widows: auto;\"/><span style=\"color: rgb(51, 51, 51); font-family: 宋体; font-size: 14px; line-height: 27px; white-space: normal; widows: auto;\">　　</span><br style=\"border: 0px; margin: 0px; padding: 0px; color: rgb(51, 51, 51); font-family: 宋体; font-size: 14px; line-height: 27px; white-space: normal; widows: auto;\"/><span style=\"color: rgb(51, 51, 51); font-family: 宋体; font-size: 14px; line-height: 27px; white-space: normal; widows: auto;\">　　不是每个恋爱中的人都能收获甜美的爱情，也不是每个收获甜美爱情的人都一路顺风。当你妒忌羡慕别人恋爱的时候，他们兴许还在羡慕着你。</span><br style=\"border: 0px; margin: 0px; padding: 0px; color: rgb(51, 51, 51); font-family: 宋体; font-size: 14px; line-height: 27px; white-space: normal; widows: auto;\"/><span style=\"color: rgb(51, 51, 51); font-family: 宋体; font-size: 14px; line-height: 27px; white-space: normal; widows: auto;\">　　</span><br style=\"border: 0px; margin: 0px; padding: 0px; color: rgb(51, 51, 51); font-family: 宋体; font-size: 14px; line-height: 27px; white-space: normal; widows: auto;\"/><span style=\"color: rgb(51, 51, 51); font-family: 宋体; font-size: 14px; line-height: 27px; white-space: normal; widows: auto;\">　　既然现在得不到爱情，便不如试着接受单身的生活，从自己的拥有中获得幸福。</span><br style=\"border: 0px; margin: 0px; padding: 0px; color: rgb(51, 51, 51); font-family: 宋体; font-size: 14px; line-height: 27px; white-space: normal; widows: auto;\"/><span style=\"color: rgb(51, 51, 51); font-family: 宋体; font-size: 14px; line-height: 27px; white-space: normal; widows: auto;\">　　</span><br style=\"border: 0px; margin: 0px; padding: 0px; color: rgb(51, 51, 51); font-family: 宋体; font-size: 14px; line-height: 27px; white-space: normal; widows: auto;\"/><span style=\"color: rgb(51, 51, 51); font-family: 宋体; font-size: 14px; line-height: 27px; white-space: normal; widows: auto;\">　　幸福的人，常常懂得感恩的艺术：对自己拥有的一切都很知足，不羡慕和嫉妒那些他们不及的生活，也不盲目去追求。</span><br style=\"border: 0px; margin: 0px; padding: 0px; color: rgb(51, 51, 51); font-family: 宋体; font-size: 14px; line-height: 27px; white-space: normal; widows: auto;\"/><span style=\"color: rgb(51, 51, 51); font-family: 宋体; font-size: 14px; line-height: 27px; white-space: normal; widows: auto;\">　　</span><br style=\"border: 0px; margin: 0px; padding: 0px; color: rgb(51, 51, 51); font-family: 宋体; font-size: 14px; line-height: 27px; white-space: normal; widows: auto;\"/><span style=\"color: rgb(51, 51, 51); font-family: 宋体; font-size: 14px; line-height: 27px; white-space: normal; widows: auto;\">　　一个人的幸福感，往往都不是被致命的失败扼杀的，而是被一些反复出现的小事情渐渐分解掉的。</span><br style=\"border: 0px; margin: 0px; padding: 0px; color: rgb(51, 51, 51); font-family: 宋体; font-size: 14px; line-height: 27px; white-space: normal; widows: auto;\"/><span style=\"color: rgb(51, 51, 51); font-family: 宋体; font-size: 14px; line-height: 27px; white-space: normal; widows: auto;\">　　</span><br style=\"border: 0px; margin: 0px; padding: 0px; color: rgb(51, 51, 51); font-family: 宋体; font-size: 14px; line-height: 27px; white-space: normal; widows: auto;\"/><span style=\"color: rgb(51, 51, 51); font-family: 宋体; font-size: 14px; line-height: 27px; white-space: normal; widows: auto;\">　　通常毁了我们生活的，不是那些大痛苦，而是一些小伤感。</span><br style=\"border: 0px; margin: 0px; padding: 0px; color: rgb(51, 51, 51); font-family: 宋体; font-size: 14px; line-height: 27px; white-space: normal; widows: auto;\"/><span style=\"color: rgb(51, 51, 51); font-family: 宋体; font-size: 14px; line-height: 27px; white-space: normal; widows: auto;\">　　</span><br style=\"border: 0px; margin: 0px; padding: 0px; color: rgb(51, 51, 51); font-family: 宋体; font-size: 14px; line-height: 27px; white-space: normal; widows: auto;\"/><span style=\"color: rgb(51, 51, 51); font-family: 宋体; font-size: 14px; line-height: 27px; white-space: normal; widows: auto;\">　　人，切不可一路成长，一路悲伤。</span></p>', null, '2015-08-25 15:43:26', 'colin', '有两枚尚未恋爱的“单身狗”，一个叫小伤感，一个叫小感动。', '毁了我们生活的，不是大痛苦，而是那些小伤感', '0', '充分无法');

-- ----------------------------
-- Table structure for homework_aticle_comment
-- ----------------------------
DROP TABLE IF EXISTS `homework_aticle_comment`;
CREATE TABLE `homework_aticle_comment` (
  `aticle_comment_id` varchar(40) COLLATE utf8_unicode_ci NOT NULL,
  `aticle_id` varchar(40) COLLATE utf8_unicode_ci DEFAULT NULL,
  `comment_id` varchar(40) COLLATE utf8_unicode_ci DEFAULT NULL,
  PRIMARY KEY (`aticle_comment_id`)
) ENGINE=InnoDB DEFAULT CHARSET=utf8 COLLATE=utf8_unicode_ci;

-- ----------------------------
-- Records of homework_aticle_comment
-- ----------------------------
INSERT INTO `homework_aticle_comment` VALUES ('1', '1', '1');
INSERT INTO `homework_aticle_comment` VALUES ('2', '2', '2');

-- ----------------------------
-- Table structure for homework_authority
-- ----------------------------
DROP TABLE IF EXISTS `homework_authority`;
CREATE TABLE `homework_authority` (
  `authority_id` varchar(50) COLLATE utf8_unicode_ci NOT NULL COMMENT '权限id',
  `parent_authority_id` varchar(50) COLLATE utf8_unicode_ci NOT NULL COMMENT '父级权限Id',
  `authority_name` varchar(100) COLLATE utf8_unicode_ci NOT NULL COMMENT '权限名称',
  `authoruty_description` varchar(100) COLLATE utf8_unicode_ci NOT NULL COMMENT '权限描述',
  PRIMARY KEY (`authority_id`)
) ENGINE=InnoDB DEFAULT CHARSET=utf8 COLLATE=utf8_unicode_ci;

-- ----------------------------
-- Records of homework_authority
-- ----------------------------
INSERT INTO `homework_authority` VALUES ('15a16c13-7394-482d-aba8-ae764d346c06', 'b1b91332-e099-4669-8836-360428c26888', '打印用户', '打印用户信息');
INSERT INTO `homework_authority` VALUES ('226977ef-22c8-40b9-b684-c7eeadb96d2d', '15a16c13-7394-482d-aba8-ae764d346c06', '查看用户', '查看用户信息');
INSERT INTO `homework_authority` VALUES ('941b51da-3509-4de4-a3ee-11046fa18e6d', '15a16c13-7394-482d-aba8-ae764d346c06', '新增用户', '新增用户信息');
INSERT INTO `homework_authority` VALUES ('b1b91332-e099-4669-8836-360428c26888', '#', '用户信息管理', '用户信息管理');
INSERT INTO `homework_authority` VALUES ('d1aab7c6-e807-425d-821f-1b7eddf659ee', '15a16c13-7394-482d-aba8-ae764d346c06', '删除用户', '删除用户信息');
INSERT INTO `homework_authority` VALUES ('e76220f5-9518-4cf7-bf9e-b3a5aedb68cf', '15a16c13-7394-482d-aba8-ae764d346c06', '修改用户', '修改用户信息');

-- ----------------------------
-- Table structure for homework_comment
-- ----------------------------
DROP TABLE IF EXISTS `homework_comment`;
CREATE TABLE `homework_comment` (
  `comment_id` varchar(40) COLLATE utf8_unicode_ci NOT NULL,
  `comment_content` varchar(300) COLLATE utf8_unicode_ci DEFAULT NULL,
  `comment_author` varchar(100) COLLATE utf8_unicode_ci DEFAULT NULL,
  `comment_creattime` varchar(35) COLLATE utf8_unicode_ci DEFAULT NULL,
  PRIMARY KEY (`comment_id`)
) ENGINE=InnoDB DEFAULT CHARSET=utf8 COLLATE=utf8_unicode_ci;

-- ----------------------------
-- Records of homework_comment
-- ----------------------------

-- ----------------------------
-- Table structure for homework_menu
-- ----------------------------
DROP TABLE IF EXISTS `homework_menu`;
CREATE TABLE `homework_menu` (
  `menu_id` varchar(40) COLLATE utf8_unicode_ci NOT NULL,
  `menu_name` varchar(100) COLLATE utf8_unicode_ci DEFAULT NULL COMMENT '菜单名字',
  `menu_parent_id` varchar(40) COLLATE utf8_unicode_ci DEFAULT NULL,
  `menu_url` varchar(30) COLLATE utf8_unicode_ci DEFAULT NULL COMMENT '菜单链接',
  `menu_create_user` varchar(30) COLLATE utf8_unicode_ci DEFAULT NULL,
  `menu_create_time` varchar(30) COLLATE utf8_unicode_ci DEFAULT NULL,
  `menu_icon` varchar(40) COLLATE utf8_unicode_ci DEFAULT NULL,
  `menu_order` int(11) DEFAULT NULL,
  PRIMARY KEY (`menu_id`)
) ENGINE=InnoDB DEFAULT CHARSET=utf8 COLLATE=utf8_unicode_ci;

-- ----------------------------
-- Records of homework_menu
-- ----------------------------
INSERT INTO `homework_menu` VALUES ('0de179bc-bfc4-4450-a62f-457a6b8a0677', '日程安排', 'd29228b8-2d5f-4951-b928-5a2e7aff4642', '/user_schedule.html', 'admin', '2015-07-26 12:16:27', 'glyphicon glyphicon-list-alt', '10001');
INSERT INTO `homework_menu` VALUES ('15f3785b-e45f-4f7e-96e8-72aa091b8172', '权限配置', 'a4c78339-cf93-4642-be1b-57b5dafb2ab6', '/system_authority', 'admin', '2015-07-26 12:16:27', 'glyphicon glyphicon-eye-open', '60003');
INSERT INTO `homework_menu` VALUES ('405c5cca-b1e1-4283-b486-f7d53475cbea', '个人资料', 'd29228b8-2d5f-4951-b928-5a2e7aff4642', '/person_data.html', 'admin', '2015-08-21 12:16:27', 'glyphicon glyphicon-user', '0');
INSERT INTO `homework_menu` VALUES ('45868e8a-e453-4e3d-979e-3415f859a04d', '网络图片', 'root', '#', 'admin', '2015-07-26 12:16:27', 'glyphicon glyphicon-picture', '50000');
INSERT INTO `homework_menu` VALUES ('4c4d11ca-455b-4bd8-9ab9-630fe52ffeda', '文章一览', 'c2bd7195-32f7-47b0-96fc-827c8e0e0226', '/aticle_browser.html', 'admin', '2015-08-21 12:16:27', 'glyphicon glyphicon-th-list', '0');
INSERT INTO `homework_menu` VALUES ('54c729c3-9c73-4e32-872a-d645c7c31cf9', '音乐一览', 'e9992506-e269-4219-9116-9b81d9ca6544', '/music_view.html', 'admin', '2015-07-26 12:16:27', 'glyphicon glyphicon-list', '40001');
INSERT INTO `homework_menu` VALUES ('675bf996-85e5-4c90-9956-cc089008559a', '新增文章', 'c2bd7195-32f7-47b0-96fc-827c8e0e0226', '/aticle_add.html', 'admin', '2015-08-21 12:16:27', 'glyphicon glyphicon-plus', '0');
INSERT INTO `homework_menu` VALUES ('932f7fd0-7c9c-4f3c-ad84-65a806e68fb0', '增加模版', 'f95e66ee-05d8-4685-9971-bb93a3d94ce4', '/template_add.html', 'admin', '2015-07-26 12:16:27', 'glyphicon glyphicon-plus', '20002');
INSERT INTO `homework_menu` VALUES ('a00abd9c-410f-4310-8262-7f50c209bfa0', '用户管理', 'a4c78339-cf93-4642-be1b-57b5dafb2ab6', '/system_user.html', 'admin', '2015-07-26 12:16:27', 'glyphicon glyphicon-user', '60002');
INSERT INTO `homework_menu` VALUES ('a4c78339-cf93-4642-be1b-57b5dafb2ab6', '系统管理', 'root', '#', 'admin', '2015-07-26 12:16:27', 'glyphicon glyphicon-cog', '60000');
INSERT INTO `homework_menu` VALUES ('c2bd7195-32f7-47b0-96fc-827c8e0e0226', '我的文章', 'root', '#', 'admin', '2015-07-26 12:16:27', 'glyphicon glyphicon-book', '30000');
INSERT INTO `homework_menu` VALUES ('d29228b8-2d5f-4951-b928-5a2e7aff4642', '个人中心', 'root', '#', 'admin', '2015-07-26 12:16:27', 'fa fa-reddit-square', '10000');
INSERT INTO `homework_menu` VALUES ('e9992506-e269-4219-9116-9b81d9ca6544', '网络音乐', 'root', '#', 'admin', '2015-07-26 12:16:27', 'glyphicon glyphicon-headphones', '40000');
INSERT INTO `homework_menu` VALUES ('ea159abc-86c9-4d1f-8fa0-baca94a70cab', '转载文章', 'c2bd7195-32f7-47b0-96fc-827c8e0e0226', '/aticle_reprint.html', 'admin', '2015-08-21 12:16:27', 'glyphicon glyphicon-share', '0');
INSERT INTO `homework_menu` VALUES ('f55d2ac6-03a3-4e65-b47c-0a4b72cbcf55', '模板一览', 'f95e66ee-05d8-4685-9971-bb93a3d94ce4', '/template_view.html', 'admin', '2015-07-26 12:16:27', 'glyphicon glyphicon-list', '20001');
INSERT INTO `homework_menu` VALUES ('f95e66ee-05d8-4685-9971-bb93a3d94ce4', '网页模板', 'root', '#', 'admin', '2015-07-26 12:16:27', 'glyphicon glyphicon-th', '20000');
INSERT INTO `homework_menu` VALUES ('fef50057-94b8-4e7e-b5be-077556943260', '菜单管理', 'a4c78339-cf93-4642-be1b-57b5dafb2ab6', '/system_menu.html', 'admin', '2015-07-26 12:16:27', 'glyphicon glyphicon-list-alt', '60001');

-- ----------------------------
-- Table structure for homework_role
-- ----------------------------
DROP TABLE IF EXISTS `homework_role`;
CREATE TABLE `homework_role` (
  `role_id` varchar(50) CHARACTER SET utf8 COLLATE utf8_unicode_ci NOT NULL,
  `parent_role_id` varchar(50) CHARACTER SET utf8 COLLATE utf8_unicode_ci NOT NULL COMMENT '父级角色id',
  `createdate` varchar(40) CHARACTER SET utf8 COLLATE utf8_unicode_ci NOT NULL,
  `role_description` varchar(200) CHARACTER SET utf8 COLLATE utf8_unicode_ci NOT NULL COMMENT '角色描述',
  `role_name` varchar(50) CHARACTER SET utf8 COLLATE utf8_unicode_ci NOT NULL,
  PRIMARY KEY (`role_id`)
) ENGINE=InnoDB DEFAULT CHARSET=utf8;

-- ----------------------------
-- Records of homework_role
-- ----------------------------
INSERT INTO `homework_role` VALUES ('1c39fb09-e4f4-4b2f-876a-ee30bb470066', 'd36b7df1-dac0-4ff9-9c2b-a101411f8472', '2015-08-06 11:30“34', '钻石用户', '钻石用户');
INSERT INTO `homework_role` VALUES ('1e310db0-6331-4457-8868-ca6a6b21ae83', '1c39fb09-e4f4-4b2f-876a-ee30bb470066', '2015-08-07 10:44:32', '黄金用户，充值缴费很多', '黄金用户');
INSERT INTO `homework_role` VALUES ('374abc7b-324b-4958-88e0-2a62ffb32691', '9f83dc60-b9bd-438a-907f-02ce376ee356', '2015-08-06 11:32:23', '访客，只能查看内容，没有其他任何权限', '访客');
INSERT INTO `homework_role` VALUES ('9a2a486b-26b8-456c-91c2-b35824a65e88', '1e310db0-6331-4457-8868-ca6a6b21ae83', '2015-08-07 10:34:45', '新用户', '新用户');
INSERT INTO `homework_role` VALUES ('9f83dc60-b9bd-438a-907f-02ce376ee356', '1e310db0-6331-4457-8868-ca6a6b21ae83', '2015-07-15 10:56:34', '普通用户，仅能管理自己的账号，无其他权限', '普通用户');
INSERT INTO `homework_role` VALUES ('c7675d06-ed46-429e-ae2f-aa882fc29bae', '0', '2015-07-15 09:43:23', '超级管理员权限，什么权限都有', '超级管理员');
INSERT INTO `homework_role` VALUES ('d36b7df1-dac0-4ff9-9c2b-a101411f8472', 'c7675d06-ed46-429e-ae2f-aa882fc29bae', '2015-07-15 10:55:34', 'VIP用户', 'VIP用户');

-- ----------------------------
-- Table structure for homework_role_authority
-- ----------------------------
DROP TABLE IF EXISTS `homework_role_authority`;
CREATE TABLE `homework_role_authority` (
  `role_authority_id` varchar(50) COLLATE utf8_unicode_ci NOT NULL,
  `role_id` varchar(50) COLLATE utf8_unicode_ci NOT NULL,
  `authority_id` varchar(50) COLLATE utf8_unicode_ci NOT NULL,
  `authority_type` varchar(50) COLLATE utf8_unicode_ci NOT NULL COMMENT '权限类型,0:可访问，1:可授权',
  `is_access` int(2) DEFAULT NULL COMMENT '允许访问（0，不允许，1允许）',
  `is_authorization` int(2) DEFAULT NULL COMMENT '是否允许授权（0，不允许，1允许）',
  PRIMARY KEY (`role_authority_id`)
) ENGINE=InnoDB DEFAULT CHARSET=utf8 COLLATE=utf8_unicode_ci;

-- ----------------------------
-- Records of homework_role_authority
-- ----------------------------
INSERT INTO `homework_role_authority` VALUES ('228a2863-528e-43f5-9621-69b1ef175745', 'c7675d06-ed46-429e-ae2f-aa882fc29bae', '941b51da-3509-4de4-a3ee-11046fa18e6d', '新增用户信息', '1', '1');
INSERT INTO `homework_role_authority` VALUES ('3f384cb5-8038-4b90-b15a-dbbc3b90f0a8', 'c7675d06-ed46-429e-ae2f-aa882fc29bae', '226977ef-22c8-40b9-b684-c7eeadb96d2d', '查看用户信息', '1', '1');
INSERT INTO `homework_role_authority` VALUES ('85088d3a-50cb-432f-b003-3a03030ad91a', 'c7675d06-ed46-429e-ae2f-aa882fc29bae', 'd1aab7c6-e807-425d-821f-1b7eddf659ee', '删除用户信息', '1', '1');
INSERT INTO `homework_role_authority` VALUES ('a131f6c9-1fdb-47c1-a645-1b7b6aef6b82', 'd36b7df1-dac0-4ff9-9c2b-a101411f8472', '226977ef-22c8-40b9-b684-c7eeadb96d2d', '查看用户信息', '1', '1');
INSERT INTO `homework_role_authority` VALUES ('b9897173-e941-4dd2-925e-32d30296adc6', 'c7675d06-ed46-429e-ae2f-aa882fc29bae', '15a16c13-7394-482d-aba8-ae764d346c06', '打印用户信息', '1', '1');
INSERT INTO `homework_role_authority` VALUES ('fc647831-3f16-4af1-a5dc-4aacbe31b6e6', 'c7675d06-ed46-429e-ae2f-aa882fc29bae', 'e76220f5-9518-4cf7-bf9e-b3a5aedb68cf', '修改用户信息', '1', '1');

-- ----------------------------
-- Table structure for homework_role_menu
-- ----------------------------
DROP TABLE IF EXISTS `homework_role_menu`;
CREATE TABLE `homework_role_menu` (
  `role_menu_id` varchar(40) COLLATE utf8_unicode_ci NOT NULL,
  `role_id` varchar(40) COLLATE utf8_unicode_ci DEFAULT NULL,
  `menu_id` varchar(40) COLLATE utf8_unicode_ci DEFAULT NULL,
  PRIMARY KEY (`role_menu_id`)
) ENGINE=InnoDB DEFAULT CHARSET=utf8 COLLATE=utf8_unicode_ci;

-- ----------------------------
-- Records of homework_role_menu
-- ----------------------------
INSERT INTO `homework_role_menu` VALUES ('14c15187-4784-429d-9b5f-d3328ceca780', 'c7675d06-ed46-429e-ae2f-aa882fc29bae', '0de179bc-bfc4-4450-a62f-457a6b8a0677');
INSERT INTO `homework_role_menu` VALUES ('1b2a21a2-3e9d-4912-8439-6073a39fffe2', 'c7675d06-ed46-429e-ae2f-aa882fc29bae', 'f55d2ac6-03a3-4e65-b47c-0a4b72cbcf55');
INSERT INTO `homework_role_menu` VALUES ('34010ad7-5a8d-4c76-8e1c-aec3117802f2', 'c7675d06-ed46-429e-ae2f-aa882fc29bae', '15f3785b-e45f-4f7e-96e8-72aa091b8172');
INSERT INTO `homework_role_menu` VALUES ('4115cd02-0ba1-4d50-a10f-f18a532695d0', 'c7675d06-ed46-429e-ae2f-aa882fc29bae', '405c5cca-b1e1-4283-b486-f7d53475cbea');
INSERT INTO `homework_role_menu` VALUES ('4c827a43-ed67-4321-9aa5-2ccc158e67ba', 'c7675d06-ed46-429e-ae2f-aa882fc29bae', '45868e8a-e453-4e3d-979e-3415f859a04d');
INSERT INTO `homework_role_menu` VALUES ('4cb667c3-6e1f-4e09-a629-96db8c7b1ef3', 'd36b7df1-dac0-4ff9-9c2b-a101411f8472', '54c729c3-9c73-4e32-872a-d645c7c31cf9');
INSERT INTO `homework_role_menu` VALUES ('52a63a3a-dd74-42e7-8cfa-1c2efc14965e', 'c7675d06-ed46-429e-ae2f-aa882fc29bae', 'e9992506-e269-4219-9116-9b81d9ca6544');
INSERT INTO `homework_role_menu` VALUES ('60a704d6-dba9-4bd3-a10a-645165f5fe86', 'c7675d06-ed46-429e-ae2f-aa882fc29bae', '4c4d11ca-455b-4bd8-9ab9-630fe52ffeda');
INSERT INTO `homework_role_menu` VALUES ('76b792a8-a57d-43d6-b8a5-541a6fcebba4', 'c7675d06-ed46-429e-ae2f-aa882fc29bae', '54c729c3-9c73-4e32-872a-d645c7c31cf9');
INSERT INTO `homework_role_menu` VALUES ('7dd51027-14fa-4d3c-b60c-f335783af4c5', 'c7675d06-ed46-429e-ae2f-aa882fc29bae', 'fef50057-94b8-4e7e-b5be-077556943260');
INSERT INTO `homework_role_menu` VALUES ('7ef6ec13-244b-4626-a3fc-5ab1add6c03f', 'd36b7df1-dac0-4ff9-9c2b-a101411f8472', '932f7fd0-7c9c-4f3c-ad84-65a806e68fb0');
INSERT INTO `homework_role_menu` VALUES ('95066375-abb0-4dd3-9d05-cf13aee2358b', 'c7675d06-ed46-429e-ae2f-aa882fc29bae', '675bf996-85e5-4c90-9956-cc089008559a');
INSERT INTO `homework_role_menu` VALUES ('a6a580d0-9d25-4cc6-a810-2d51bc57556f', 'c7675d06-ed46-429e-ae2f-aa882fc29bae', '932f7fd0-7c9c-4f3c-ad84-65a806e68fb0');
INSERT INTO `homework_role_menu` VALUES ('a7b7578a-889d-4c71-b0ee-9f52ba3caf50', 'c7675d06-ed46-429e-ae2f-aa882fc29bae', 'a00abd9c-410f-4310-8262-7f50c209bfa0');
INSERT INTO `homework_role_menu` VALUES ('a7bf6c22-4566-43a4-a2ab-222739855df5', 'c7675d06-ed46-429e-ae2f-aa882fc29bae', 'f95e66ee-05d8-4685-9971-bb93a3d94ce4');
INSERT INTO `homework_role_menu` VALUES ('b343e34f-fe07-4161-be58-8bb768a3393f', 'c7675d06-ed46-429e-ae2f-aa882fc29bae', 'ea159abc-86c9-4d1f-8fa0-baca94a70cab');
INSERT INTO `homework_role_menu` VALUES ('bc60761a-7626-47ed-805c-e806de7c30b3', 'c7675d06-ed46-429e-ae2f-aa882fc29bae', 'a4c78339-cf93-4642-be1b-57b5dafb2ab6');
INSERT INTO `homework_role_menu` VALUES ('cdf7cead-660f-43f2-bccf-4d34d6e8cfcc', 'c7675d06-ed46-429e-ae2f-aa882fc29bae', 'c2bd7195-32f7-47b0-96fc-827c8e0e0226');
INSERT INTO `homework_role_menu` VALUES ('d1870d5b-dadc-4767-ac5c-413867df4319', 'd36b7df1-dac0-4ff9-9c2b-a101411f8472', 'a00abd9c-410f-4310-8262-7f50c209bfa0');
INSERT INTO `homework_role_menu` VALUES ('d8e9dfbc-6f7c-4337-a261-fba65a0efad5', 'c7675d06-ed46-429e-ae2f-aa882fc29bae', 'd29228b8-2d5f-4951-b928-5a2e7aff4642');

-- ----------------------------
-- Table structure for homework_schedule
-- ----------------------------
DROP TABLE IF EXISTS `homework_schedule`;
CREATE TABLE `homework_schedule` (
  `schedule_id` varchar(40) COLLATE utf8_unicode_ci DEFAULT NULL,
  `schedule_content` varchar(300) COLLATE utf8_unicode_ci DEFAULT NULL,
  `schedule_start_date` datetime DEFAULT NULL,
  `schedule_end_date` datetime DEFAULT NULL,
  `schedule_user` varchar(30) COLLATE utf8_unicode_ci DEFAULT NULL
) ENGINE=InnoDB DEFAULT CHARSET=utf8 COLLATE=utf8_unicode_ci;

-- ----------------------------
-- Records of homework_schedule
-- ----------------------------
INSERT INTO `homework_schedule` VALUES ('91314108-a866-40a6-90d8-b71efdffba6b', 'haokaixin', '2015-08-05 18:02:31', '2015-08-05 23:56:49', 'admin');
INSERT INTO `homework_schedule` VALUES ('d9789dd6-cdd6-46b5-9d23-b5aed57e6702', 'haowuniao', '2015-08-05 18:02:47', '2015-08-13 09:56:51', 'admin');
INSERT INTO `homework_schedule` VALUES ('3c35a681-e81d-4c65-b45b-f5cf29d73d61', '好烦呀', '2015-08-03 18:03:07', '2015-08-04 09:56:56', 'admin');
INSERT INTO `homework_schedule` VALUES ('66532f23-160d-4ee3-95fc-6ec2b34e6367', '出去玩', '2015-08-05 16:28:58', '2015-08-05 16:28:58', 'adminjoker');
INSERT INTO `homework_schedule` VALUES ('6e5401cd-f140-422a-a89e-8bb6360a7286', '做页面', '2015-08-05 16:53:40', '2015-08-05 16:53:40', 'adminjoker');

-- ----------------------------
-- Table structure for homework_template
-- ----------------------------
DROP TABLE IF EXISTS `homework_template`;
CREATE TABLE `homework_template` (
  `template_id` varchar(40) COLLATE utf8_unicode_ci NOT NULL,
  `template_name` varchar(100) COLLATE utf8_unicode_ci DEFAULT NULL,
  `template_snapshot` varchar(500) COLLATE utf8_unicode_ci DEFAULT NULL,
  `templaye_browser_num` int(11) DEFAULT NULL,
  `template_describe` varchar(200) COLLATE utf8_unicode_ci DEFAULT NULL COMMENT '模板的描述',
  `template_tip` varchar(300) COLLATE utf8_unicode_ci DEFAULT NULL COMMENT '模板的标签，以，隔开，最多5个',
  `template_resource_url` varchar(500) COLLATE utf8_unicode_ci DEFAULT NULL,
  `template_uplodad_user` varchar(100) COLLATE utf8_unicode_ci DEFAULT NULL,
  `template_create_time` varchar(40) COLLATE utf8_unicode_ci DEFAULT NULL,
  `template_access_url` varchar(100) COLLATE utf8_unicode_ci DEFAULT NULL,
  PRIMARY KEY (`template_id`)
) ENGINE=InnoDB DEFAULT CHARSET=utf8 COLLATE=utf8_unicode_ci;

-- ----------------------------
-- Records of homework_template
-- ----------------------------
INSERT INTO `homework_template` VALUES ('4b487fc5-894c-4ea7-8017-e3cb2af5d19c', '测试模板', 'upload/images/201510190215263722.jpg', '0', '测试', '模板，html', 'upload/resources/2015101902153515852.zip', 'colin', '2015-10-19 14:15:40', 'upload/template/2015101902153515852/index.html');
INSERT INTO `homework_template` VALUES ('82f70c39-da2f-4b6c-8441-c8c20696a491', '测试模板2', 'upload/images/201510190218274867.jpg', '0', '测试模板', '测试2', 'upload/resources/2015101902183361192.zip', 'colin', '2015-10-19 14:18:34', 'upload/template/2015101902183361192/index.html');

-- ----------------------------
-- Table structure for homework_user
-- ----------------------------
DROP TABLE IF EXISTS `homework_user`;
CREATE TABLE `homework_user` (
  `user_id` varchar(50) COLLATE utf8_unicode_ci NOT NULL,
  `user_name` varchar(40) COLLATE utf8_unicode_ci DEFAULT NULL COMMENT '用户登录名',
  `user_head` varchar(100) COLLATE utf8_unicode_ci DEFAULT NULL COMMENT '用户头像',
  `user_password_salt` varchar(50) COLLATE utf8_unicode_ci DEFAULT NULL,
  `user_password` varchar(50) COLLATE utf8_unicode_ci DEFAULT NULL,
  `user_callname` varchar(50) COLLATE utf8_unicode_ci DEFAULT NULL COMMENT '用户账号',
  `user_email` varchar(100) COLLATE utf8_unicode_ci DEFAULT NULL COMMENT '用户邮件',
  `user_phone` varchar(20) COLLATE utf8_unicode_ci DEFAULT NULL COMMENT '用户电话',
  `user_createtime` varchar(25) COLLATE utf8_unicode_ci DEFAULT NULL COMMENT '用户登录次数',
  `user_logintime` varchar(25) COLLATE utf8_unicode_ci DEFAULT NULL,
  PRIMARY KEY (`user_id`)
) ENGINE=InnoDB DEFAULT CHARSET=utf8 COLLATE=utf8_unicode_ci;

-- ----------------------------
-- Records of homework_user
-- ----------------------------
INSERT INTO `homework_user` VALUES ('02447b02-c243-44f9-bcd6-d66440b5efe6', 'student', null, null, '123456', 'Student', '92934@qq.com', '11223432443', '2015-08-07 11:23:23', '2015-08-07 11:23:23');
INSERT INTO `homework_user` VALUES ('196169b4-d40f-407b-abaf-0477ae8b947b', 'joker', null, null, '111111', 'VIP用户', '92934@qq.com', '11223432443', '2015-08-07 11:23:23', '2015-08-07 11:23:23');
INSERT INTO `homework_user` VALUES ('247357ca-4759-4143-b3c4-d47a261ba0c7', 'colin', null, null, 'admin123', 'Administrator', '92934@qq.com', '11223432443', '2015-08-07 11:23:23', '2015-08-07 11:23:23');
INSERT INTO `homework_user` VALUES ('4ac0ea80-b1b0-417d-afb5-ed6bdce8dbc1', 'user3', null, null, '111111', '钻石用户', '92934@qq.com', '11223432443', '2015-08-07 11:23:23', '2015-08-07 11:23:23');
INSERT INTO `homework_user` VALUES ('5dbfe4ef-785a-40bd-97e9-7f631c7c3f25', 'user4', null, null, '1111111', '访客2', '92934@qq.com', '11223432443', '2015-08-07 11:23:23', '2015-08-07 11:23:23');
INSERT INTO `homework_user` VALUES ('e5c6e23d-28fe-4e75-a12d-d53951732d59', 'teacher', null, null, '123456', 'Teacher', '92934@qq.com', '11223432443', '2015-08-07 11:23:23', '2015-08-07 11:23:23');

-- ----------------------------
-- Table structure for homework_user_copy
-- ----------------------------
DROP TABLE IF EXISTS `homework_user_copy`;
CREATE TABLE `homework_user_copy` (
  `user_id` varchar(50) COLLATE utf8_unicode_ci NOT NULL,
  `user_name` varchar(40) COLLATE utf8_unicode_ci DEFAULT NULL COMMENT '用户登录名',
  `user_head` varchar(100) COLLATE utf8_unicode_ci DEFAULT NULL COMMENT '用户头像',
  `user_password_salt` varchar(50) COLLATE utf8_unicode_ci DEFAULT NULL,
  `user_password` varchar(50) COLLATE utf8_unicode_ci DEFAULT NULL,
  `user_callname` varchar(50) COLLATE utf8_unicode_ci DEFAULT NULL COMMENT '用户账号',
  `user_email` varchar(100) COLLATE utf8_unicode_ci DEFAULT NULL COMMENT '用户邮件',
  `user_phone` varchar(20) COLLATE utf8_unicode_ci DEFAULT NULL COMMENT '用户电话',
  `user_createtime` varchar(25) COLLATE utf8_unicode_ci DEFAULT NULL COMMENT '用户登录次数',
  `user_logintime` varchar(25) COLLATE utf8_unicode_ci DEFAULT NULL,
  PRIMARY KEY (`user_id`)
) ENGINE=InnoDB DEFAULT CHARSET=utf8 COLLATE=utf8_unicode_ci;

-- ----------------------------
-- Records of homework_user_copy
-- ----------------------------
INSERT INTO `homework_user_copy` VALUES ('02447b02-c243-44f9-bcd6-d66440b5efe6', 'student', null, null, '123456', 'Student', '92934@qq.com', '11223432443', '2015-08-07 11:23:23', '2015-08-07 11:23:23');
INSERT INTO `homework_user_copy` VALUES ('196169b4-d40f-407b-abaf-0477ae8b947b', 'joker', null, null, '111111', 'VIP用户', '92934@qq.com', '11223432443', '2015-08-07 11:23:23', '2015-08-07 11:23:23');
INSERT INTO `homework_user_copy` VALUES ('247357ca-4759-4143-b3c4-d47a261ba0c7', 'colin', null, null, 'admin123', 'Administrator', '92934@qq.com', '11223432443', '2015-08-07 11:23:23', '2015-08-07 11:23:23');
INSERT INTO `homework_user_copy` VALUES ('49abec95-ba26-4628-b89d-df1322bd91a8', 'user1', null, null, '111111', '访客', '92934@qq.com', '11223432443', '2015-08-07 11:23:23', '2015-08-07 11:23:23');
INSERT INTO `homework_user_copy` VALUES ('4ac0ea80-b1b0-417d-afb5-ed6bdce8dbc1', 'user3', null, null, '111111', '钻石用户', '92934@qq.com', '11223432443', '2015-08-07 11:23:23', '2015-08-07 11:23:23');
INSERT INTO `homework_user_copy` VALUES ('5dbfe4ef-785a-40bd-97e9-7f631c7c3f25', 'user4', null, null, '1111111', '访客2', '92934@qq.com', '11223432443', '2015-08-07 11:23:23', '2015-08-07 11:23:23');
INSERT INTO `homework_user_copy` VALUES ('e5c6e23d-28fe-4e75-a12d-d53951732d59', 'teacher', null, null, '123456', 'Teacher', '92934@qq.com', '11223432443', '2015-08-07 11:23:23', '2015-08-07 11:23:23');

-- ----------------------------
-- Table structure for homework_user_info
-- ----------------------------
DROP TABLE IF EXISTS `homework_user_info`;
CREATE TABLE `homework_user_info` (
  `user_info_id` varchar(40) COLLATE utf8_unicode_ci NOT NULL,
  `user_info_firstname` varchar(40) COLLATE utf8_unicode_ci DEFAULT NULL COMMENT '用户的姓',
  `user_info_lastname` varchar(40) COLLATE utf8_unicode_ci DEFAULT NULL COMMENT '用户的名',
  `user_info_province` varchar(30) COLLATE utf8_unicode_ci DEFAULT NULL COMMENT '用户所在省',
  `user_info_city` varchar(30) COLLATE utf8_unicode_ci DEFAULT NULL COMMENT '用户所在市',
  `user_info_area` varchar(30) COLLATE utf8_unicode_ci DEFAULT NULL COMMENT '用户所在区',
  `user_info_birthday` varchar(30) COLLATE utf8_unicode_ci DEFAULT NULL COMMENT '用户生日',
  `user_info_address` varchar(200) COLLATE utf8_unicode_ci DEFAULT NULL COMMENT '用户地址',
  `user_id` varchar(40) COLLATE utf8_unicode_ci DEFAULT NULL COMMENT '用户id',
  PRIMARY KEY (`user_info_id`)
) ENGINE=InnoDB DEFAULT CHARSET=utf8 COLLATE=utf8_unicode_ci;

-- ----------------------------
-- Records of homework_user_info
-- ----------------------------

-- ----------------------------
-- Table structure for homework_user_role
-- ----------------------------
DROP TABLE IF EXISTS `homework_user_role`;
CREATE TABLE `homework_user_role` (
  `user_role_id` varchar(40) COLLATE utf8_unicode_ci NOT NULL,
  `user_id` varchar(40) COLLATE utf8_unicode_ci DEFAULT NULL,
  `role_id` varchar(40) COLLATE utf8_unicode_ci DEFAULT NULL,
  PRIMARY KEY (`user_role_id`)
) ENGINE=InnoDB DEFAULT CHARSET=utf8 COLLATE=utf8_unicode_ci;

-- ----------------------------
-- Records of homework_user_role
-- ----------------------------
INSERT INTO `homework_user_role` VALUES ('12edbeaf-6b1a-4e6b-9a25-87cac364b97d', '02447b02-c243-44f9-bcd6-d66440b5efe6', '1e310db0-6331-4457-8868-ca6a6b21ae83');
INSERT INTO `homework_user_role` VALUES ('2434c653-dc88-4fad-9710-b4d2d1dd1f73', '247357ca-4759-4143-b3c4-d47a261ba0c7', 'c7675d06-ed46-429e-ae2f-aa882fc29bae');
INSERT INTO `homework_user_role` VALUES ('2434c653-dc88-4fad-9710-b4d2d1dd1f7b', '02447b02-c243-44f9-bcd6-d66440b5efe6', '1c39fb09-e4f4-4b2f-876a-ee30bb470066');
INSERT INTO `homework_user_role` VALUES ('810e8203-97df-484c-9aea-53f548ba1887', '02447b02-c243-44f9-bcd6-d66440b5efe6', '9f83dc60-b9bd-438a-907f-02ce376ee356');
INSERT INTO `homework_user_role` VALUES ('8458c135-a670-482c-b907-652485f8a2a1', 'e5c6e23d-28fe-4e75-a12d-d53951732d59', 'd36b7df1-dac0-4ff9-9c2b-a101411f8472');
INSERT INTO `homework_user_role` VALUES ('c7d3e108-689e-4779-8c88-b234c90fda7c', '02447b02-c243-44f9-bcd6-d66440b5efe6', '374abc7b-324b-4958-88e0-2a62ffb32691');
INSERT INTO `homework_user_role` VALUES ('ff7856f7-edef-46cd-b455-ce8577871e2d', '49abec95-ba26-4628-b89d-df1322bd91a8', '374abc7b-324b-4958-88e0-2a62ffb32691');
INSERT INTO `homework_user_role` VALUES ('ff7856f7-edef-46cd-b455-ce8577871e2e', '4ac0ea80-b1b0-417d-afb5-ed6bdce8dbc1', '374abc7b-324b-4958-88e0-2a62ffb32691');
INSERT INTO `homework_user_role` VALUES ('ff7856f7-edef-46cd-b455-ce8577871e4r', '5dbfe4ef-785a-40bd-97e9-7f631c7c3f25', '374abc7b-324b-4958-88e0-2a62ffb32691');

-- ----------------------------
-- Function structure for getAuthorityList
-- ----------------------------
DROP FUNCTION IF EXISTS `getAuthorityList`;
DELIMITER ;;
CREATE DEFINER=`root`@`localhost` FUNCTION `getAuthorityList`(rootId varchar(50)) RETURNS varchar(1000) CHARSET utf8 COLLATE utf8_unicode_ci
BEGIN
       DECLARE sTemp VARCHAR(1000);
       DECLARE sTempChd VARCHAR(1000);
   
       SET sTemp = '';
       SET sTempChd =rootId;
   
       WHILE sTempChd is not null DO
         SET sTemp = concat(sTempChd,',',sTemp);
        SELECT group_concat(authority_id) INTO sTempChd FROM homework_authority where FIND_IN_SET(parent_authority_id,sTempChd)>0;
      END WHILE;
      RETURN sTemp;
     END
;;
DELIMITER ;

-- ----------------------------
-- Function structure for getChildLst
-- ----------------------------
DROP FUNCTION IF EXISTS `getChildLst`;
DELIMITER ;;
CREATE DEFINER=`root`@`localhost` FUNCTION `getChildLst`(rootId varchar(50)) RETURNS varchar(1000) CHARSET utf8 COLLATE utf8_unicode_ci
BEGIN
       DECLARE sTemp VARCHAR(1000);
       DECLARE sTempChd VARCHAR(1000);
   
       SET sTemp = '';
       SET sTempChd =rootId;
   
       WHILE sTempChd is not null DO
         SET sTemp = concat(sTempChd,',',sTemp);
        SELECT group_concat(role_id) INTO sTempChd FROM homework_role where FIND_IN_SET(parent_role_id,sTempChd)>0;
      END WHILE;
      RETURN sTemp;
     END
;;
DELIMITER ;

-- ----------------------------
-- Function structure for getMenuList
-- ----------------------------
DROP FUNCTION IF EXISTS `getMenuList`;
DELIMITER ;;
CREATE DEFINER=`root`@`localhost` FUNCTION `getMenuList`(rootId varchar(50)) RETURNS varchar(1000) CHARSET utf8 COLLATE utf8_unicode_ci
BEGIN
       DECLARE sTemp VARCHAR(1000);
       DECLARE sTempChd VARCHAR(1000);
   
       SET sTemp = '';
       SET sTempChd =rootId;
   
       WHILE sTempChd is not null DO
         SET sTemp = concat(sTempChd,',',sTemp);
        SELECT group_concat(menu_id) INTO sTempChd FROM homework_menu where FIND_IN_SET(menu_parent_id,sTempChd)>0;
      END WHILE;
      RETURN sTemp;
     END
;;
DELIMITER ;

-- ----------------------------
-- Function structure for getRoleList
-- ----------------------------
DROP FUNCTION IF EXISTS `getRoleList`;
DELIMITER ;;
CREATE DEFINER=`root`@`localhost` FUNCTION `getRoleList`(rootId varchar(50)) RETURNS varchar(1000) CHARSET utf8 COLLATE utf8_unicode_ci
BEGIN
       DECLARE sTemp VARCHAR(1000);
       DECLARE sTempChd VARCHAR(1000);
   
       SET sTemp = '';
       SET sTempChd =rootId;
   
       WHILE sTempChd is not null DO
         SET sTemp = concat(sTempChd,',',sTemp);
        SELECT group_concat(role_id) INTO sTempChd FROM homework_role where FIND_IN_SET(parent_role_id,sTempChd)>0;
      END WHILE;
      RETURN sTemp;
     END
;;
DELIMITER ;
